,prolific_id,session_id,participation_date,browser,browser_version,operating_sys,operating_sys_lang,GMT_timestamp,stim1,stim2,Q1,Q2,Q3,Q4,Q1_rt,Q2_rt,Q3_rt,Q4_rt,anim_check,tower_check,sub_feedback,complete,cohort,question_order,agent,patient,condition,cause1,cause2,cf1,cf2
0,6365862b94f7a68a41f98574,639b3c59d0e2ea64e26b876f,2022-12-15 10:25:21.312185,,,,,,phys_v1.mp4,y_p_v2.mp4,[0],[0],"[0, 64, 71]",[70],1970-01-01 00:00:06.919000,1970-01-01 00:00:02.585000,1970-01-01 00:00:10.392000,1970-01-01 00:00:08.104000,1,1,,1,combine_cohort_cntrbal,CF_first,inanimate,inanimate,phys agent/phys patient,71,70,0,0
1,6162cc4598fecddd2fcd70e9,639b3c578a0ed093dd77a675,2022-12-15 10:25:22.760029,,,,,,anim_v1.mp4,y_p_v2.mp4,[100],[60],[100],[29],1970-01-01 00:00:07.254000,1970-01-01 00:00:05.183000,1970-01-01 00:00:05.256000,1970-01-01 00:00:05.904000,1,1,,1,combine_cohort_cntrbal,cause_first,animate,inanimate,anim agent/phys patient,100,60,100,29
2,62ab2034b58fe149d144acf4,639b3c5820521f2efc3c0685,2022-12-15 10:25:23.645558,,,,,,anim_v1.mp4,y_p_v2.mp4,[89],[5],[74],"[9, 2]",1970-01-01 00:00:02.502000,1970-01-01 00:00:01.191000,1970-01-01 00:00:07.169000,1970-01-01 00:00:02.949000,1,1,,1,combine_cohort_cntrbal,cause_first,animate,inanimate,anim agent/phys patient,89,5,74,2
3,60158d493186b267143d26c0,639b3c54bd0d5f9df4d91d2f,2022-12-15 10:25:26.273700,,,,,,anim_v1.mp4,y_p_v2.mp4,[100],[100],[26],[100],1970-01-01 00:00:07.394000,1970-01-01 00:00:08.231000,1970-01-01 00:00:10.103000,1970-01-01 00:00:04.013000,1,1,"No strategy that I can think of. It seems this was about whether, given context of another situation if, with that information, you can come to a reasonable conclusion for something else.",1,combine_cohort_cntrbal,cause_first,animate,inanimate,anim agent/phys patient,100,100,26,100
5,57732cfcda75d30001487571,639b3c58089b6eeda0e938aa,2022-12-15 10:25:27.938937,,,,,,anim_v1.mp4,y_p_v2.mp4,"[35, 29, 18]",[15],[64],[94],1970-01-01 00:00:13.940000,1970-01-01 00:00:08.627000,1970-01-01 00:00:03.817000,1970-01-01 00:00:01.777000,1,1,,1,combine_cohort_cntrbal,CF_first,animate,inanimate,anim agent/phys patient,64,94,18,15
7,5d42486206811e001ada5b4b,639b3c517760a989d85912ec,2022-12-15 10:25:38.743326,,,,,,phys_v1.mp4,p_y_v2.mp4,"[0, 80, 74]",[100],[22],[100],1970-01-01 00:00:26.293000,1970-01-01 00:00:16.403000,1970-01-01 00:00:09.394000,1970-01-01 00:00:03.048000,1,1,i just watched the video to see which ball caused the tower to collapse and nothing in the study was confusing everything worked good,1,combine_cohort_cntrbal,CF_first,inanimate,inanimate,phys agent/phys patient,22,100,74,100
8,60da18dba560960ea60a8fe5,639b3c56a0f99e0d3770f11f,2022-12-15 10:25:39.320778,,,,,,anim_v1.mp4,y_p_v2.mp4,[10],[6],[6],"[93, 100]",1970-01-01 00:00:05.998000,1970-01-01 00:00:11.602000,1970-01-01 00:00:03.523000,1970-01-01 00:00:03.781000,1,1,Nothing odd or confusing to me. I did not have a strategy I just watched the video and reported what I saw. ,1,combine_cohort_cntrbal,CF_first,animate,inanimate,anim agent/phys patient,6,100,10,6
9,5c7eb988ac63960015004d03,639b3c5192392cd32428b29c,2022-12-15 10:25:55.606100,,,,,,phys_v1.mp4,p_y_v2.mp4,[88],[60],[84],[58],1970-01-01 00:00:26.842000,1970-01-01 00:00:10.990000,1970-01-01 00:00:09.194000,1970-01-01 00:00:10.038000,1,1,"NO, I IMAGINED IT WAS A SNOOKER TABLE SHOT",1,combine_cohort_cntrbal,CF_first,inanimate,inanimate,phys agent/phys patient,84,58,88,60
10,603e370c5ed1c2db2c3bde24,639b3c570077c9cb8202f84b,2022-12-15 10:26:00.729722,,,,,,anim_v1.mp4,y_p_v2.mp4,[20],[85],[3],[0],1970-01-01 00:00:06.313000,1970-01-01 00:00:02.488000,1970-01-01 00:00:06.255000,1970-01-01 00:00:04.488000,1,1,I figure the first ball still would have made contact regardless.,1,combine_cohort_cntrbal,cause_first,animate,inanimate,anim agent/phys patient,20,85,3,0
11,5dd9f0e719eecb97dfab7b48,639b3c556233acf80310ee58,2022-12-15 10:26:01.444095,,,,,,anim_v1.mp4,y_p_v2.mp4,[100],[100],"[92, 100]",[0],1970-01-01 00:00:06.944000,1970-01-01 00:00:05.232000,1970-01-01 00:00:18.673000,1970-01-01 00:00:05.411000,1,1,No strategy just paid attention to the video.,1,combine_cohort_cntrbal,cause_first,animate,inanimate,anim agent/phys patient,100,100,100,0
12,6310c063bd0cce86b0289d20,639b3c596b149be952128319,2022-12-15 10:26:24.418637,,,,,,phys_v1.mp4,p_y_v2.mp4,"[60, 87, 0]","[0, 100]","[90, 0, 5]",[96],1970-01-01 00:00:10.402000,1970-01-01 00:00:12.297000,1970-01-01 00:00:18.263000,1970-01-01 00:00:14.672000,1,1,,1,combine_cohort_cntrbal,CF_first,inanimate,inanimate,phys agent/phys patient,5,96,0,100
13,5f5aaa058c844c1af8528015,639b3c577f1bdfd8089b038d,2022-12-15 10:26:35.143158,,,,,,phys_v1.mp4,y_p_v2.mp4,[43],[27],[100],[61],1970-01-01 00:00:28.853000,1970-01-01 00:00:11.495000,1970-01-01 00:00:08.297000,1970-01-01 00:00:04.592000,1,1,All good,1,combine_cohort_cntrbal,CF_first,inanimate,inanimate,phys agent/phys patient,100,61,43,27
14,5b14532ce9270900013c5bf6,639b3c55fdcf7e035fff41a9,2022-12-15 10:26:45.619326,,,,,,anim_v1.mp4,y_p_v2.mp4,[23],[80],[0],[0],1970-01-01 00:00:05.471000,1970-01-01 00:00:05.623000,1970-01-01 00:00:02.232000,1970-01-01 00:00:01.856000,1,1,not sure what it was for to be honest,1,combine_cohort_cntrbal,cause_first,animate,inanimate,anim agent/phys patient,23,80,0,0
15,57dd3b0e91b7fc0001493db9,639b3c59e953e332a1e938a4,2022-12-15 10:27:20.608942,,,,,,phys_v1.mp4,p_y_v2.mp4,[79],[88],[17],[1],1970-01-01 00:00:08.385000,1970-01-01 00:00:04.281000,1970-01-01 00:00:04.222000,1970-01-01 00:00:10.689000,1,1,,1,combine_cohort_cntrbal,cause_first,inanimate,inanimate,phys agent/phys patient,79,88,17,1
16,6321decd01d759ccbe3a26b3,639b3c55e6ba5548151b58ee,2022-12-15 10:27:33.078906,,,,,,phys_v1.mp4,p_y_v2.mp4,[0],"[0, 100]",[0],[0],1970-01-01 00:00:02.420000,1970-01-01 00:00:05.191000,1970-01-01 00:00:10.167000,1970-01-01 00:00:03.113000,1,1,"It was a simple task, I used the projectory of the balls to see where they would go independently without the other to influence it to answer some of the questions.",1,combine_cohort_cntrbal,cause_first,inanimate,inanimate,phys agent/phys patient,0,100,0,0
18,5d1a69d8f97a18001977e0d7,639b3c54ec462c6ffb714096,2022-12-15 10:29:36.813957,,,,,,phys_v1.mp4,p_y_v2.mp4,"[4, 6]",[0],[13],[86],1970-01-01 00:00:40.024000,1970-01-01 00:00:18.317000,1970-01-01 00:00:14.858000,1970-01-01 00:00:04.509000,1,1,"I tried to estmate how much energy was needed to knock over the unstable tower, and if the yellow ball added anything, or if it was superfluous.",1,combine_cohort_cntrbal,CF_first,inanimate,inanimate,phys agent/phys patient,13,86,6,0
19,62b8cd151b5fd0f9be7d1f11,639b3deab3b00639ff1282cc,2022-12-15 10:32:22.490475,,,,,,phys_v1.mp4,p_y_v2.mp4,[78],[45],[80],[29],1970-01-01 00:00:16.888000,1970-01-01 00:00:10.348000,1970-01-01 00:00:06.846000,1970-01-01 00:00:05.510000,1,1,I watched the video a few times to answer the questions as accurately as possible. I used my judgement to see if the pink ball had enough speed to knock down the tower itself. ,1,combine_cohort_cntrbal,CF_first,inanimate,inanimate,phys agent/phys patient,80,29,78,45
21,587958ee2bd3c9000185a34c,639b3e2e39a3a1e1437eab9c,2022-12-15 10:33:15.118518,,,,,,phys_v1.mp4,y_p_v2.mp4,[41],[31],[65],[67],1970-01-01 00:00:18.640000,1970-01-01 00:00:08.759000,1970-01-01 00:00:02.919000,1970-01-01 00:00:01.909000,1,1,There was no confusion or technical difficulty.  I simply watched the videos and input my thoughts.,1,combine_cohort_cntrbal,CF_first,inanimate,inanimate,phys agent/phys patient,65,67,41,31
24,62877d5f6a054e53313ac916,639b3c55c0243b06b7714089,2022-12-15 10:35:45.430919,,,,,,phys_v1.mp4,p_y_v2.mp4,[23],[23],[15],[81],1970-01-01 00:00:15.625000,1970-01-01 00:00:02.975000,1970-01-01 00:00:03.146000,1970-01-01 00:00:01.321000,1,1,,1,combine_cohort_cntrbal,CF_first,inanimate,inanimate,phys agent/phys patient,15,81,23,23
25,5c4ded8b818d4d00013e69c9,639b3ebe43264d6ab6daad71,2022-12-15 10:36:26.363291,,,,,,phys_v1.mp4,y_p_v2.mp4,[0],[100],[0],[0],1970-01-01 00:00:05.408000,1970-01-01 00:00:07.204000,1970-01-01 00:00:06.533000,1970-01-01 00:00:03.322000,1,1,"No, no, no",1,combine_cohort_cntrbal,cause_first,inanimate,inanimate,phys agent/phys patient,0,100,0,0
26,62c2d19221c0d60ea4c3bddd,639b3ed35f70bb07adab3581,2022-12-15 10:37:46.686752,,,,,,anim_v1.mp4,y_p_v2.mp4,[0],[0],[0],[100],1970-01-01 00:00:09.554000,1970-01-01 00:00:08.730000,1970-01-01 00:00:10.477000,1970-01-01 00:00:10.667000,1,1,Didnt use a strategy. It was a little confusing. No technical difficulties.,1,combine_cohort_cntrbal,CF_first,animate,inanimate,anim agent/phys patient,0,100,0,0
27,57e1ba44011c350001354aef,639b3f25bec16095377eab7f,2022-12-15 10:38:21.417227,,,,,,phys_v1.mp4,p_y_v2.mp4,"[2, 97]","[0, 84]",[100],[0],1970-01-01 00:00:35.378000,1970-01-01 00:00:22.848000,1970-01-01 00:00:24.522000,1970-01-01 00:00:03.803000,1,1,I had no difficulties and used common sense to decide that the yellow ball forced the pink ball into the tower,1,combine_cohort_cntrbal,CF_first,inanimate,inanimate,phys agent/phys patient,100,0,97,84
28,60d8f1c24c86aa4d0b23bf4e,639b3f79a021d776a1269409,2022-12-15 10:38:42.810257,,,,,,phys_v1.mp4,y_p_v2.mp4,[86],"[92, 20]",[81],"[19, 15]",1970-01-01 00:00:08.795000,1970-01-01 00:00:29.507000,1970-01-01 00:00:24.000000,1970-01-01 00:00:13.115000,1,1,"Was a decent task, made you think about perceptions and speed travel.",1,combine_cohort_cntrbal,cause_first,inanimate,inanimate,phys agent/phys patient,86,20,81,15
29,5c2826f3065b1800015d1f42,639b3f86a7e2605da8e93890,2022-12-15 10:38:58.761693,,,,,,anim_v1.mp4,y_p_v2.mp4,[35],[27],[50],[50],1970-01-01 00:00:17.361000,1970-01-01 00:00:14.510000,1970-01-01 00:00:03.943000,1970-01-01 00:00:02.004000,1,1,Thank you!,1,combine_cohort_cntrbal,CF_first,animate,inanimate,anim agent/phys patient,50,50,35,27
30,60bff527b7c6aaa6d3508e07,639b3e221a86722c0477a681,2022-12-15 10:39:46.529423,,,,,,phys_v1.mp4,p_y_v2.mp4,"[31, 3, 0]",[100],"[35, 29]",[87],1970-01-01 00:00:26.861000,1970-01-01 00:00:09.520000,1970-01-01 00:00:07.585000,1970-01-01 00:00:09.537000,1,1,Everything about this task was clear to understand.,1,combine_cohort_cntrbal,cause_first,inanimate,inanimate,phys agent/phys patient,0,100,29,87
31,5ec967ac9020ae477aee23af,639b400c24570028c642622c,2022-12-15 10:41:17.582735,,,,,,anim_v1.mp4,y_p_v2.mp4,[52],[56],[50],[75],1970-01-01 00:00:02.829000,1970-01-01 00:00:03.685000,1970-01-01 00:00:01.939000,1970-01-01 00:00:02.208000,1,1,No strategy. Thanks :),1,combine_cohort_cntrbal,CF_first,animate,inanimate,anim agent/phys patient,50,75,52,56
32,6099911160f3e9d0d94b18e8,639b3fb3cf5ac261a2455cd3,2022-12-15 10:41:22.049244,,,,,,anim_v1.mp4,y_p_v2.mp4,"[0, 100]",[100],[100],[61],1970-01-01 00:00:26.480000,1970-01-01 00:00:20.061000,1970-01-01 00:00:11.919000,1970-01-01 00:00:36.618000,1,1,some things need to be done with others ,1,combine_cohort_cntrbal,cause_first,animate,inanimate,anim agent/phys patient,100,100,100,61
33,5d0a345d8d7a4b000172fb93,639b403b4201ed2288591303,2022-12-15 10:42:11.066672,,,,,,phys_v1.mp4,y_p_v2.mp4,[44],[28],[50],[69],1970-01-01 00:00:03.648000,1970-01-01 00:00:02.367000,1970-01-01 00:00:21.040000,1970-01-01 00:00:02.210000,1,1,no difficulties and just used observation,1,combine_cohort_cntrbal,CF_first,inanimate,inanimate,phys agent/phys patient,50,69,44,28
34,56e6f0dec89073000de74780,639b404b6b6f586adc6b8775,2022-12-15 10:43:15.767272,,,,,,anim_v1.mp4,y_p_v2.mp4,[55],[57],[44],[60],1970-01-01 00:00:12.354000,1970-01-01 00:00:10.849000,1970-01-01 00:00:09.686000,1970-01-01 00:00:07.035000,1,1,No strategy,1,combine_cohort_cntrbal,cause_first,animate,inanimate,anim agent/phys patient,55,57,44,60
36,5eb35d8af0431115bf8876bd,639b45024c7d1791db70f18a,2022-12-15 11:02:34.362965,,,,,,phys_v1.mp4,y_p_v2.mp4,[88],"[1, 64]",[35],"[34, 50]",1970-01-01 00:00:06.308000,1970-01-01 00:00:29.323000,1970-01-01 00:00:18.425000,1970-01-01 00:00:24.353000,1,1,,1,combine_cohort_cntrbal,cause_first,inanimate,inanimate,phys agent/phys patient,88,64,35,50
38,6115e0d61efe01b04db0ab53,639b4517a6eb1dc09312e7ab,2022-12-15 11:02:52.054293,,,,,,phys_v1.mp4,p_y_v2.mp4,[26],[0],"[63, 84]",[61],1970-01-01 00:00:21.026000,1970-01-01 00:00:03.016000,1970-01-01 00:00:07.560000,1970-01-01 00:00:04.520000,1,1,,1,combine_cohort_cntrbal,CF_first,inanimate,inanimate,phys agent/phys patient,84,61,26,0
39,5821198a8b13670001ea8048,639b4541c6bbe119ccecbcf8,2022-12-15 11:04:09.535749,,,,,,phys_v1.mp4,p_y_v2.mp4,[0],[100],[0],[50],1970-01-01 00:00:13.915000,1970-01-01 00:00:04.220000,1970-01-01 00:00:09.357000,1970-01-01 00:00:04.940000,1,1,interesting,1,combine_cohort_cntrbal,cause_first,inanimate,inanimate,phys agent/phys patient,0,100,0,50
40,569a0ecb25d9e90006b0900f,639b45cc57f35274ec42624f,2022-12-15 11:06:04.664786,,,,,,anim_v1.mp4,y_p_v2.mp4,[24],[100],[100],[100],1970-01-01 00:00:07.685000,1970-01-01 00:00:01.859000,1970-01-01 00:00:05.566000,1970-01-01 00:00:02.412000,1,1,I didn't use a strategy. I didn't find anything odd or confusing. No technical difficulties.,1,combine_cohort_cntrbal,CF_first,animate,inanimate,anim agent/phys patient,100,100,24,100
41,5e0f99e67dd4776bf69aa82f,639b45faeb08d6170bafd9a2,2022-12-15 11:08:19.317899,,,,,,phys_v1.mp4,p_y_v2.mp4,[60],[77],[73],[100],1970-01-01 00:00:07.591000,1970-01-01 00:00:05.384000,1970-01-01 00:00:04.966000,1970-01-01 00:00:12.149000,1,1,"At first i was confused, but after watching three times, it was ok.",1,combine_cohort_cntrbal,CF_first,inanimate,inanimate,phys agent/phys patient,73,100,60,77
43,5f973a30ff83410e76a91c16,639b466bee9635d0947eabc6,2022-12-15 11:08:58.610370,,,,,,phys_v1.mp4,y_p_v2.mp4,[0],[0],[0],[100],1970-01-01 00:00:18.555000,1970-01-01 00:00:10.013000,1970-01-01 00:00:08.176000,1970-01-01 00:00:02.946000,1,1,no strategy and no confusion,1,combine_cohort_cntrbal,CF_first,inanimate,inanimate,phys agent/phys patient,0,100,0,0
45,5f3fad86c15d910261828ca9,639b46d7c1bdc70f01cb935a,2022-12-15 11:10:43.183296,,,,,,anim_v1.mp4,y_p_v2.mp4,"[20, 95]","[37, 31]","[5, 90]",[67],1970-01-01 00:01:44.928000,1970-01-01 00:01:12.080000,1970-01-01 00:00:39.343000,1970-01-01 00:00:37.672000,1,1,"The initial briefing at the beginning of the study (detailing how participants could withdraw, the effects of the task etc) mistakenly states that the task would take around an hour and compensate for no less than $20.",1,combine_cohort_cntrbal,CF_first,animate,inanimate,anim agent/phys patient,90,67,95,31
46,5e8b89d0afcb1606e761ef7f,639b60182357a61e33ba68a8,2022-12-15 12:58:21.384843,,,,,,phys_v1.mp4,p_y_v2.mp4,[100],[100],[94],[1],1970-01-01 00:00:24.836000,1970-01-01 00:00:04.534000,1970-01-01 00:00:05.888000,1970-01-01 00:00:11.672000,1,1,,1,combine_cohort_cntrbal,cause_first,inanimate,inanimate,phys agent/phys patient,100,100,94,1
47,62dc2f45630616c5920dcb75,639b603c77bd13601bae72d2,2022-12-15 12:58:27.586668,,,,,,phys_v1.mp4,p_y_v2.mp4,[39],[39],[47],[58],1970-01-01 00:00:04.053000,1970-01-01 00:00:02.767000,1970-01-01 00:00:06.400000,1970-01-01 00:00:01.041000,1,1,I just used my observation.,1,combine_cohort_cntrbal,CF_first,inanimate,inanimate,phys agent/phys patient,47,58,39,39
48,56228c48ed6e5a0005c7fdd6,639b604ba2d0cc0c9a17880f,2022-12-15 12:58:50.806744,,,,,,anim_v1.mp4,y_p_v2.mp4,[74],[67],[50],[15],1970-01-01 00:00:06.445000,1970-01-01 00:00:04.783000,1970-01-01 00:00:11.717000,1970-01-01 00:00:04.857000,1,1,,1,combine_cohort_cntrbal,cause_first,animate,inanimate,anim agent/phys patient,74,67,50,15
49,6012e262527c380ccb2a6c74,639b601a1224e411e7da4ea3,2022-12-15 12:59:04.047423,,,,,,anim_v1.mp4,y_p_v2.mp4,"[19, 19]",[86],[100],"[75, 100]",1970-01-01 00:00:07.235000,1970-01-01 00:00:02.143000,1970-01-01 00:00:05.944000,1970-01-01 00:00:09.646000,1,1,It was clear. The pink was pushing around the yellow ball. The yellow would not crash if the pink did not push it. ,1,combine_cohort_cntrbal,cause_first,animate,inanimate,anim agent/phys patient,19,86,100,100
51,62ef104b5e9352c2ead31fde,639b601d9ce2063ca81282d8,2022-12-15 12:59:20.723685,,,,,,phys_v1.mp4,y_p_v2.mp4,[43],[0],[42],[57],1970-01-01 00:00:47.698000,1970-01-01 00:00:09.319000,1970-01-01 00:00:29.426000,1970-01-01 00:00:12.153000,1,1,"No, just a very close decision, it looked like the yellow ball would have stopped soon, but would it have been before it reached the tower?",1,combine_cohort_cntrbal,CF_first,inanimate,inanimate,phys agent/phys patient,42,57,43,0
52,5da88a6037d42100144928bd,639b607b8f2669fe6869e0d8,2022-12-15 12:59:42.593930,,,,,,anim_v1.mp4,y_p_v2.mp4,"[76, 61]",[100],[60],[95],1970-01-01 00:00:12.196000,1970-01-01 00:00:02.799000,1970-01-01 00:00:09.946000,1970-01-01 00:00:03.835000,1,1,"They were balls that were moving, what does that mean they were alive? it's possible the yellow ball might have stopped had it not been pushed by the pink one.",1,combine_cohort_cntrbal,cause_first,animate,inanimate,anim agent/phys patient,61,100,60,95
53,5ba292385301b80001c71ba2,639b608d2c3a64a59b602451,2022-12-15 12:59:52.204892,,,,,,anim_v1.mp4,y_p_v2.mp4,[0],[0],[100],[100],1970-01-01 00:00:07.879000,1970-01-01 00:00:02.422000,1970-01-01 00:00:01.872000,1970-01-01 00:00:02.849000,1,1,No issues,1,combine_cohort_cntrbal,CF_first,animate,inanimate,anim agent/phys patient,100,100,0,0
54,5a1efc2b517dfb00013dd370,639b60abdb3eb5f671190cba,2022-12-15 13:00:21.828232,,,,,,anim_v1.mp4,y_p_v2.mp4,[87],[16],[65],[18],1970-01-01 00:00:06.221000,1970-01-01 00:00:02.222000,1970-01-01 00:00:02.927000,1970-01-01 00:00:05.815000,1,1,,1,combine_cohort_cntrbal,cause_first,animate,inanimate,anim agent/phys patient,87,16,65,18
56,55d35447da14d7000e95318f,639b601d6b869ad086317e9d,2022-12-15 13:00:30.216488,,,,,,anim_v1.mp4,y_p_v2.mp4,"[88, 88]","[27, 27]","[100, 100]","[59, 59]",1970-01-01 00:00:07.224000,1970-01-01 00:00:03.075000,1970-01-01 00:00:06.772000,1970-01-01 00:00:03.584000,1,1,"Just wanted to say that i wasn't sure if you mean ""object"" as the balls or the building. I know that the building of blocks did not move until the balls rolled into it. Everything else was great!",1,combine_cohort_cntrbal,cause_first,animate,inanimate,anim agent/phys patient,88,27,100,59
57,5ddee8912e6c77e798b5882f,639b608fe7a1959e51daad2a,2022-12-15 13:00:37.800147,,,,,,phys_v1.mp4,y_p_v2.mp4,"[0, 43]","[100, 54, 34, 41]","[100, 66, 77]",[81],1970-01-01 00:00:27.160000,1970-01-01 00:00:28.640000,1970-01-01 00:00:28.908000,1970-01-01 00:00:25.715000,1,1,No strategy used. Nothing was confusing.,1,combine_cohort_cntrbal,CF_first,inanimate,inanimate,phys agent/phys patient,77,81,43,41
58,63266c311e41f330d1a85c20,639b60bc63428727c4455d07,2022-12-15 13:00:48.127287,,,,,,phys_v1.mp4,p_y_v2.mp4,[0],[0],"[0, 11]",[100],1970-01-01 00:00:10.335000,1970-01-01 00:00:11.907000,1970-01-01 00:00:13.858000,1970-01-01 00:00:05.191000,1,1,no issues,1,combine_cohort_cntrbal,CF_first,inanimate,inanimate,phys agent/phys patient,11,100,0,0
59,62029a55ef1cb18a1337c61a,639b60c247b1be1d9b02f884,2022-12-15 13:00:53.283778,,,,,,phys_v1.mp4,y_p_v2.mp4,"[100, 0]","[100, 47]",[0],"[100, 0]",1970-01-01 00:00:08.536000,1970-01-01 00:00:07.205000,1970-01-01 00:00:02.443000,1970-01-01 00:00:08.120000,1,1,"I just watched the video and answered the questions, nothing was odd",1,combine_cohort_cntrbal,CF_first,inanimate,inanimate,phys agent/phys patient,0,0,0,47
60,59e7d3f97f3d71000171def0,639b60ceb9756952cfafe665,2022-12-15 13:00:57.883045,,,,,,phys_v1.mp4,p_y_v2.mp4,[25],[15],[78],[78],1970-01-01 00:00:16.179000,1970-01-01 00:00:05.698000,1970-01-01 00:00:03.406000,1970-01-01 00:00:02.373000,1,1,It was interesting.  The ball colors switched on which came out first so I may have had those mixed up on the last question,1,combine_cohort_cntrbal,CF_first,inanimate,inanimate,phys agent/phys patient,78,78,25,15
61,609a5974625e18ab158c9a3e,639b60c15ccc46bced2693f4,2022-12-15 13:00:58.671820,,,,,,anim_v1.mp4,y_p_v2.mp4,[40],[59],[55],[64],1970-01-01 00:00:18.988000,1970-01-01 00:00:03.152000,1970-01-01 00:00:05.683000,1970-01-01 00:00:04.427000,1,1,I tried to think what would have happened if either of the balls had not been there.,1,combine_cohort_cntrbal,cause_first,animate,inanimate,anim agent/phys patient,40,59,55,64
62,5dfd077e3690bd03bfa91d48,639b610767d2bbe8fb2ffe90,2022-12-15 13:02:04.415758,,,,,,phys_v1.mp4,p_y_v2.mp4,[53],[54],[44],"[50, 45]",1970-01-01 00:00:08.463000,1970-01-01 00:00:03.149000,1970-01-01 00:00:03.510000,1970-01-01 00:00:03.496000,1,1,none,1,combine_cohort_cntrbal,cause_first,inanimate,inanimate,phys agent/phys patient,53,54,44,45
63,612547f89bad5437aaecfa66,639b61070489f3d315af48f6,2022-12-15 13:02:18.450648,,,,,,anim_v1.mp4,y_p_v2.mp4,[87],[60],[31],[30],1970-01-01 00:00:06.453000,1970-01-01 00:00:03.871000,1970-01-01 00:00:05.408000,1970-01-01 00:00:03.600000,1,1,no,1,combine_cohort_cntrbal,cause_first,animate,inanimate,anim agent/phys patient,87,60,31,30
64,6334f074d8c62dca5081e66c,639b612082c122bcb544015e,2022-12-15 13:02:21.255001,,,,,,phys_v1.mp4,p_y_v2.mp4,[42],[13],[53],[88],1970-01-01 00:00:09.923000,1970-01-01 00:00:12.106000,1970-01-01 00:00:08.148000,1970-01-01 00:00:05.103000,1,1,it was interesting. no strategy just watched the momentum of the balls to decide. ,1,combine_cohort_cntrbal,CF_first,inanimate,inanimate,phys agent/phys patient,53,88,42,13
66,5e5a10ea43f33020b7e24fe0,639b61104974831b1fd02e3e,2022-12-15 13:02:38.863352,,,,,,phys_v1.mp4,p_y_v2.mp4,"[55, 64]",[39],[51],[32],1970-01-01 00:00:15.268000,1970-01-01 00:00:03.698000,1970-01-01 00:00:23.285000,1970-01-01 00:00:07.884000,1,1,I just watched carefully. Nothing confusing.,1,combine_cohort_cntrbal,cause_first,inanimate,inanimate,phys agent/phys patient,64,39,51,32
67,613a3b7548a257eaeb75a7ad,639b617e9363f8199fff41cd,2022-12-15 13:03:55.904206,,,,,,phys_v1.mp4,y_p_v2.mp4,[68],"[44, 68]",[10],[20],1970-01-01 00:00:20.353000,1970-01-01 00:00:13.732000,1970-01-01 00:00:03.647000,1970-01-01 00:00:03.136000,1,1,,1,combine_cohort_cntrbal,cause_first,inanimate,inanimate,phys agent/phys patient,68,68,10,20
68,55b8d0bffdf99b0f2859fe73,639b61c7ac3be8303bf0af05,2022-12-15 13:05:06.174655,,,,,,anim_v1.mp4,y_p_v2.mp4,[85],[61],[92],[63],1970-01-01 00:00:05.988000,1970-01-01 00:00:04.992000,1970-01-01 00:00:09.564000,1970-01-01 00:00:07.714000,1,1,"I didn't really have a strategy, just watched the video and evaluated what happened",1,combine_cohort_cntrbal,cause_first,animate,inanimate,anim agent/phys patient,85,61,92,63
69,60fe1423d21b18975b08d502,639b61e5bdb7ee281cafd9d0,2022-12-15 13:05:34.996120,,,,,,phys_v1.mp4,p_y_v2.mp4,[56],[73],[45],[38],1970-01-01 00:00:02.610000,1970-01-01 00:00:01.763000,1970-01-01 00:00:04.170000,1970-01-01 00:00:02.212000,1,1,"No strategy, just watched the video and thought about the physics of the event",1,combine_cohort_cntrbal,cause_first,inanimate,inanimate,phys agent/phys patient,56,73,45,38
70,5adae3ebdec767000128c131,639b61d59a254c57b3cb936e,2022-12-15 13:05:42.645422,,,,,,anim_v1.mp4,y_p_v2.mp4,[73],[73],[84],[65],1970-01-01 00:00:06.147000,1970-01-01 00:00:06.024000,1970-01-01 00:00:04.816000,1970-01-01 00:00:05.144000,1,1,,1,combine_cohort_cntrbal,CF_first,animate,inanimate,anim agent/phys patient,84,65,73,73
71,5f84d98b2b16bc1ab7369b6a,639b61e07adb6b2677455d4f,2022-12-15 13:05:56.915349,,,,,,anim_v1.mp4,y_p_v2.mp4,[0],[100],[100],"[50, 100]",1970-01-01 00:00:04.184000,1970-01-01 00:00:02.250000,1970-01-01 00:00:03.094000,1970-01-01 00:00:17.282000,1,1,"I did not use a strategy, just watched. No difficulties",1,combine_cohort_cntrbal,cause_first,animate,inanimate,anim agent/phys patient,0,100,100,100
73,609252692568228b9e5399b0,639b61394536432f18ff41b4,2022-12-15 13:07:09.717235,,,,,,phys_v1.mp4,y_p_v2.mp4,"[0, 9]",[91],[1],"[30, 51]",1970-01-01 00:00:36.146000,1970-01-01 00:00:04.700000,1970-01-01 00:00:14.669000,1970-01-01 00:00:21.218000,1,1, I used the direction of the ball to determine which ball hit the tower first.,1,combine_cohort_cntrbal,cause_first,inanimate,inanimate,phys agent/phys patient,9,91,1,51
74,5f46c67a25a21808e955969a,639b629174ae0cec25f851ce,2022-12-15 13:08:33.281803,,,,,,phys_v1.mp4,y_p_v2.mp4,[0],[100],[0],[0],1970-01-01 00:00:06.495000,1970-01-01 00:00:02.032000,1970-01-01 00:00:04.988000,1970-01-01 00:00:09.092000,1,1,Confusing,1,combine_cohort_cntrbal,cause_first,inanimate,inanimate,phys agent/phys patient,0,100,0,0
76,60ddf4569e99699da4296be3,639b62a4e2d3780d72afe684,2022-12-15 13:08:51.714917,,,,,,phys_v1.mp4,y_p_v2.mp4,[34],[79],"[100, 0]","[15, 0]",1970-01-01 00:00:08.205000,1970-01-01 00:00:06.359000,1970-01-01 00:00:23.612000,1970-01-01 00:00:21.880000,1,1,,1,combine_cohort_cntrbal,cause_first,inanimate,inanimate,phys agent/phys patient,34,79,0,0
77,61fa910ad42cb19beec492a0,639b632de510d91f6f591335,2022-12-15 13:11:05.569066,,,,,,phys_v1.mp4,p_y_v2.mp4,[0],[0],[0],[100],1970-01-01 00:00:06.898000,1970-01-01 00:00:12.923000,1970-01-01 00:00:05.997000,1970-01-01 00:00:03.866000,1,1,,1,combine_cohort_cntrbal,CF_first,inanimate,inanimate,phys agent/phys patient,0,100,0,0
78,5dac8987897c0e00185298f1,639b6347ba0731c8d71b5904,2022-12-15 13:11:35.284416,,,,,,anim_v1.mp4,y_p_v2.mp4,[76],[70],[73],"[31, 74]",1970-01-01 00:00:20.680000,1970-01-01 00:00:08.937000,1970-01-01 00:00:06.833000,1970-01-01 00:00:06.663000,1,1,"I just watched the video as i was told to do so, nothing confusing and no technical difficulties.",1,combine_cohort_cntrbal,CF_first,animate,inanimate,anim agent/phys patient,73,74,76,70
79,60fe26abdb9284fdf954f6df,639b634731b5c37acc59bc93,2022-12-15 13:11:35.687980,,,,,,anim_v1.mp4,y_p_v2.mp4,[66],[79],[87],[33],1970-01-01 00:00:09.482000,1970-01-01 00:00:05.005000,1970-01-01 00:00:05.265000,1970-01-01 00:00:09.686000,1,1,It was interesting,1,combine_cohort_cntrbal,cause_first,animate,inanimate,anim agent/phys patient,66,79,87,33
81,5ff649fda2b5841ceef90ff0,639b62f4b8de43c8a41b590e,2022-12-15 13:12:29.611553,,,,,,phys_v1.mp4,p_y_v2.mp4,[16],[84],[100],"[31, 14]",1970-01-01 00:00:08.480000,1970-01-01 00:00:04.855000,1970-01-01 00:00:08.321000,1970-01-01 00:00:11.901000,1,1,"There were no technical difficulties, it was an easy enough task to accomplish. ",1,combine_cohort_cntrbal,cause_first,inanimate,inanimate,phys agent/phys patient,16,84,100,14
82,5c8bdc00302d6c0016a70680,639b639bddd5bb1143e0db62,2022-12-15 13:12:54.282656,,,,,,phys_v1.mp4,y_p_v2.mp4,[61],[61],[11],"[10, 11]",1970-01-01 00:00:03.219000,1970-01-01 00:00:01.370000,1970-01-01 00:00:04.959000,1970-01-01 00:00:04.596000,1,1,,1,combine_cohort_cntrbal,cause_first,inanimate,inanimate,phys agent/phys patient,61,61,11,11
84,62711f17fc06135fb32b6e6b,639b63b438cb06d7ce1b58c6,2022-12-15 13:13:36.994923,,,,,,anim_v1.mp4,y_p_v2.mp4,[24],[23],[89],[76],1970-01-01 00:00:06.329000,1970-01-01 00:00:03.066000,1970-01-01 00:00:03.865000,1970-01-01 00:00:02.051000,1,1,I thought it was confusing that the study made me chose true for saying an object was alive. I don't agree that the balls or blocks were living,1,combine_cohort_cntrbal,CF_first,animate,inanimate,anim agent/phys patient,89,76,24,23
86,60365639219b964d424581d6,639b63e3ec8af408e3daacfb,2022-12-15 13:14:15.140786,,,,,,phys_v1.mp4,p_y_v2.mp4,[0],[100],[15],[23],1970-01-01 00:00:10.757000,1970-01-01 00:00:04.120000,1970-01-01 00:00:18.333000,1970-01-01 00:00:05.073000,1,1,,1,combine_cohort_cntrbal,cause_first,inanimate,inanimate,phys agent/phys patient,0,100,15,23
87,60fd22048c1090efc45f97d3,639b63f3755331f305d91cbf,2022-12-15 13:14:20.929781,,,,,,phys_v1.mp4,y_p_v2.mp4,[32],[15],"[57, 67]",[85],1970-01-01 00:00:20.483000,1970-01-01 00:00:20.865000,1970-01-01 00:00:19.026000,1970-01-01 00:00:11.670000,1,1,,1,combine_cohort_cntrbal,CF_first,inanimate,inanimate,phys agent/phys patient,67,85,32,15
88,5d1682fad3070d00190dbd2e,639b63ceb21c1eca82e0a163,2022-12-15 13:14:30.534974,,,,,,phys_v1.mp4,p_y_v2.mp4,[0],[0],[0],"[87, 100]",1970-01-01 00:00:06.999000,1970-01-01 00:00:04.361000,1970-01-01 00:00:08.618000,1970-01-01 00:00:10.089000,1,1,,1,combine_cohort_cntrbal,CF_first,inanimate,inanimate,phys agent/phys patient,0,100,0,0
89,6000b7fbdb4bfd1bcab87f44,639b63e81e884da3100372fa,2022-12-15 13:14:40.589228,,,,,,anim_v1.mp4,y_p_v2.mp4,[0],[50],[0],[100],1970-01-01 00:00:28.634000,1970-01-01 00:00:09.754000,1970-01-01 00:00:06.018000,1970-01-01 00:00:04.019000,1,1,,1,combine_cohort_cntrbal,CF_first,animate,inanimate,anim agent/phys patient,0,100,0,50
91,5d7e8ddd4a8468000138c24e,639b648a0beb234f3f59bc33,2022-12-15 13:16:57.768411,,,,,,anim_v1.mp4,y_p_v2.mp4,"[42, 63]","[60, 64]","[54, 48]",[66],1970-01-01 00:00:38.326000,1970-01-01 00:00:16.586000,1970-01-01 00:00:15.353000,1970-01-01 00:00:19.130000,1,1,I do not think that a ball rolling can be described as alive.,1,combine_cohort_cntrbal,cause_first,animate,inanimate,anim agent/phys patient,63,64,48,66
92,60bbac6c8f57c38f1b834e80,639b63d498cbdb833ccb932c,2022-12-15 13:18:30.396010,,,,,,phys_v1.mp4,y_p_v2.mp4,[60],[63],"[29, 24]","[29, 24]",1970-01-01 00:00:02.225000,1970-01-01 00:00:01.593000,1970-01-01 00:00:03.886000,1970-01-01 00:00:05.111000,1,1,N0NE,1,combine_cohort_cntrbal,CF_first,inanimate,inanimate,phys agent/phys patient,24,24,60,63
94,5c4782d9cae0ab000188d2b4,639b6eb7ac429f90b32ffe73,2022-12-15 14:01:10.590102,,,,,,anim_v1.mp4,y_p_v2.mp4,"[60, 60]","[75, 75]","[44, 44]","[23, 23]",1970-01-01 00:00:04.002000,1970-01-01 00:00:02.778000,1970-01-01 00:00:01.979000,1970-01-01 00:00:04.045000,1,1,No to all questions,1,combine_cohort_cntrbal,cause_first,animate,inanimate,anim agent/phys patient,60,75,44,23
95,603e97018512c2f752512f0b,639b7f79537fd0d78b2ffe6e,2022-12-15 15:12:05.228708,,,,,,anim_v1.mp4,y_p_v2.mp4,[38],[58],"[75, 95]","[53, 40, 33, 22]",1970-01-01 00:00:04.498000,1970-01-01 00:00:02.122000,1970-01-01 00:00:20.100000,1970-01-01 00:00:20.483000,1,1,"I just watched and tried to remember which ball was pushing and moving around manipulating the other ball,",1,combine_cohort_cntrbal,cause_first,animate,inanimate,anim agent/phys patient,38,58,95,22
96,62e7f9fec0521e596587319d,639b80ec722eb41206f0af51,2022-12-15 15:18:12.092271,,,,,,anim_v1.mp4,y_p_v2.mp4,[77],[31],[69],[39],1970-01-01 00:00:06.160000,1970-01-01 00:00:02.534000,1970-01-01 00:00:06.126000,1970-01-01 00:00:04.064000,1,1,It was a unique study. I am unsure of the purpose. ,1,combine_cohort_cntrbal,cause_first,animate,inanimate,anim agent/phys patient,77,31,69,39
101,636581a08eab842daa28f00a,639b810169ad89757802f89f,2022-12-15 15:18:34.116930,,,,,,anim_v1.mp4,y_p_v2.mp4,[72],[73],[100],[0],1970-01-01 00:00:11.182000,1970-01-01 00:00:04.599000,1970-01-01 00:00:06.772000,1970-01-01 00:00:05.229000,1,1,,1,combine_cohort_cntrbal,cause_first,animate,inanimate,anim agent/phys patient,72,73,100,0
102,5e23b44828b7b6649cc848c1,639b811490b86d8e92ff41a7,2022-12-15 15:18:36.469164,,,,,,phys_v1.mp4,y_p_v2.mp4,[1],[0],[87],[74],1970-01-01 00:00:02.264000,1970-01-01 00:00:00.897000,1970-01-01 00:00:02.007000,1970-01-01 00:00:01.328000,1,1,No this was easy,1,combine_cohort_cntrbal,CF_first,inanimate,inanimate,phys agent/phys patient,87,74,1,0
104,636900dbc65a1b361be8e82f,639b81101639c75dabcb933b,2022-12-15 15:18:56.740704,,,,,,phys_v1.mp4,y_p_v2.mp4,[100],[100],[100],[100],1970-01-01 00:00:02.190000,1970-01-01 00:00:01.384000,1970-01-01 00:00:05.480000,1970-01-01 00:00:01.672000,1,1,The task was simple and it explains the cause and effect of everything that happens.,1,combine_cohort_cntrbal,CF_first,inanimate,inanimate,phys agent/phys patient,100,100,100,100
105,5b2240df023fe3000150533f,639b80f306b01c10487140af,2022-12-15 15:19:35.859257,,,,,,phys_v1.mp4,p_y_v2.mp4,"[68, 29]","[32, 25]","[69, 69, 77, 0]","[77, 100]",1970-01-01 00:00:52.872000,1970-01-01 00:00:35.135000,1970-01-01 00:01:00.163000,1970-01-01 00:00:22.976000,1,1,It was fun and I had to study the clips several times. Still not sure of my answers completely.,1,combine_cohort_cntrbal,CF_first,inanimate,inanimate,phys agent/phys patient,0,100,29,25
106,5991b5cd7d29e700017303bb,639b8159a01a7e6fbc037303,2022-12-15 15:19:49.946502,,,,,,anim_v1.mp4,y_p_v2.mp4,[100],[100],"[50, 0]",[100],1970-01-01 00:00:13.787000,1970-01-01 00:00:04.606000,1970-01-01 00:00:08.515000,1970-01-01 00:00:09.509000,1,1,,1,combine_cohort_cntrbal,CF_first,animate,inanimate,anim agent/phys patient,0,100,100,100
108,5bb101078f3bd70001e51bfe,639b8162d214e814a781cbd5,2022-12-15 15:19:55.950764,,,,,,anim_v1.mp4,y_p_v2.mp4,"[0, 0]","[0, 0]","[50, 50]","[50, 50]",1970-01-01 00:00:06.180000,1970-01-01 00:00:02.640000,1970-01-01 00:00:03.623000,1970-01-01 00:00:01.094000,1,1,,1,combine_cohort_cntrbal,CF_first,animate,inanimate,anim agent/phys patient,50,50,0,0
109,633b82ab54af035c569082fb,639b815f43fe83b9ca6b8781,2022-12-15 15:19:57.858746,,,,,,anim_v1.mp4,y_p_v2.mp4,[50],[50],[39],[12],1970-01-01 00:00:07.618000,1970-01-01 00:00:01.298000,1970-01-01 00:00:07.405000,1970-01-01 00:00:02.627000,1,1,,1,combine_cohort_cntrbal,cause_first,animate,inanimate,anim agent/phys patient,50,50,39,12
110,628fb69f72e574bb9a8c1a47,639b8138c31bcea64710508d,2022-12-15 15:20:00.867870,,,,,,phys_v1.mp4,y_p_v2.mp4,[25],[76],"[4, 6]",[1],1970-01-01 00:00:08.380000,1970-01-01 00:00:04.416000,1970-01-01 00:00:12.361000,1970-01-01 00:00:06.127000,1,1,Both the yellow and pink balls would've collided with object given their current paths. The damage is unknown given their different initial velocities and change upon collision.,1,combine_cohort_cntrbal,cause_first,inanimate,inanimate,phys agent/phys patient,25,76,6,1
113,60febea925b92f521ade1471,639b8165c41dc05493ab3574,2022-12-15 15:20:12.256129,,,,,,phys_v1.mp4,p_y_v2.mp4,[100],[0],"[100, 78]",[20],1970-01-01 00:00:03.183000,1970-01-01 00:00:02.825000,1970-01-01 00:00:12.745000,1970-01-01 00:00:02.710000,1,1,,1,combine_cohort_cntrbal,cause_first,inanimate,inanimate,phys agent/phys patient,100,0,78,20
114,55b6e53bfdf99b438f10e3bb,639b815ec31bcea647105090,2022-12-15 15:20:22.209396,,,,,,anim_v1.mp4,y_p_v2.mp4,[41],[80],[16],[28],1970-01-01 00:00:18.159000,1970-01-01 00:00:04.355000,1970-01-01 00:00:04.072000,1970-01-01 00:00:04.267000,1,1,"On the second video, either ball was going to make the tower collapse if they each just kept on going in their current trajectory. Thank you for a fun survey. I'm an introvert and love these ""game surveys"". Good luck in your research.",1,combine_cohort_cntrbal,cause_first,animate,inanimate,anim agent/phys patient,41,80,16,28
115,631a7efc9e26be4fa3b4dcfc,639b810bf0eb46b6a110ee32,2022-12-15 15:20:28.471658,,,,,,phys_v1.mp4,y_p_v2.mp4,[0],[100],[16],[100],1970-01-01 00:00:04.435000,1970-01-01 00:00:01.654000,1970-01-01 00:00:01.327000,1970-01-01 00:00:02.296000,1,1,,1,combine_cohort_cntrbal,cause_first,inanimate,inanimate,phys agent/phys patient,0,100,16,100
116,5df3c82961b48a2907204173,639b815b6d3312cdeebd7efb,2022-12-15 15:20:32.408033,,,,,,phys_v1.mp4,y_p_v2.mp4,[0],[0],[0],[0],1970-01-01 00:00:11.838000,1970-01-01 00:00:14.182000,1970-01-01 00:00:02.697000,1970-01-01 00:00:01.927000,1,1,I just envisioned what would happen if one ball wasn't there.,1,combine_cohort_cntrbal,CF_first,inanimate,inanimate,phys agent/phys patient,0,0,0,0
117,60e8b06bfb1c78d450ae9f79,639b8199b4eaab145203c9ee,2022-12-15 15:21:11.638730,,,,,,phys_v1.mp4,p_y_v2.mp4,[0],[100],[0],[100],1970-01-01 00:00:07.291000,1970-01-01 00:00:06.855000,1970-01-01 00:00:11.941000,1970-01-01 00:00:07.375000,1,1,no,1,combine_cohort_cntrbal,cause_first,inanimate,inanimate,phys agent/phys patient,0,100,0,100
119,60b3ed804487f6424230554f,639b827615784b64c0e41db2,2022-12-15 15:24:43.923134,,,,,,anim_v1.mp4,y_p_v2.mp4,[100],"[22, 22]",[37],[0],1970-01-01 00:00:07.600000,1970-01-01 00:00:04.461000,1970-01-01 00:00:16.727000,1970-01-01 00:00:04.850000,1,1,I enjoyed it. I focused and narrated what was happening so as to be less confused,1,combine_cohort_cntrbal,cause_first,animate,inanimate,anim agent/phys patient,100,22,37,0
121,6310f89536acffb9a2eca63d,639b82ec0695ee663edaad0a,2022-12-15 15:26:42.561895,,,,,,phys_v1.mp4,y_p_v2.mp4,[0],[100],[0],[0],1970-01-01 00:00:10.282000,1970-01-01 00:00:02.801000,1970-01-01 00:00:07.132000,1970-01-01 00:00:07.117000,1,1,,1,combine_cohort_cntrbal,cause_first,inanimate,inanimate,phys agent/phys patient,0,100,0,0
124,5a9a8d551ade740001b8fc20,639b830cb0a0a3dd6102f8a0,2022-12-15 15:27:38.883816,,,,,,anim_v1.mp4,y_p_v2.mp4,[95],[32],[36],[35],1970-01-01 00:00:07.410000,1970-01-01 00:00:04.013000,1970-01-01 00:00:05.849000,1970-01-01 00:00:05.152000,1,1,no,1,combine_cohort_cntrbal,cause_first,animate,inanimate,anim agent/phys patient,95,32,36,35
125,5b27bf0a7297750001c724cd,639b838b2837b9de1f03c97c,2022-12-15 15:29:19.602397,,,,,,phys_v1.mp4,p_y_v2.mp4,[35],[60],[67],[67],1970-01-01 00:00:11.490000,1970-01-01 00:00:15.735000,1970-01-01 00:00:03.261000,1970-01-01 00:00:03.544000,1,1,I don't understand the purpose of the study but it wasn't confusing! No technical difficulties.,1,combine_cohort_cntrbal,CF_first,inanimate,inanimate,phys agent/phys patient,67,67,35,60
126,57c02e6b6feb330001ff4b95,639b838a14f78dd264bfc33e,2022-12-15 15:29:35.286264,,,,,,anim_v1.mp4,y_p_v2.mp4,[15],[16],"[47, 11]",[91],1970-01-01 00:00:07.495000,1970-01-01 00:00:03.943000,1970-01-01 00:00:19.177000,1970-01-01 00:00:06.128000,1,1,"I didn't think the pink ball was alive at all !
If the yellow ball had not run into the tower, the pink ball was already heading the same direction, so unless you imbue it with autonomy to decide to stop, it would have run into the tower instead.",1,combine_cohort_cntrbal,CF_first,animate,inanimate,anim agent/phys patient,11,91,15,16
128,5ec195df3f2aec276ff0bf33,639b840f88578dc76c59133d,2022-12-15 15:31:31.242933,,,,,,phys_v1.mp4,y_p_v2.mp4,[50],[50],[0],[0],1970-01-01 00:00:18.498000,1970-01-01 00:00:02.310000,1970-01-01 00:00:06.119000,1970-01-01 00:00:04.363000,1,1,,1,combine_cohort_cntrbal,cause_first,inanimate,inanimate,phys agent/phys patient,50,50,0,0
130,5974fb1b137d020001c5942e,639b84a5c31bcea6471050d3,2022-12-15 15:34:08.546068,,,,,,anim_v1.mp4,y_p_v2.mp4,[39],"[51, 21]",[55],[62],1970-01-01 00:00:17.006000,1970-01-01 00:00:07.841000,1970-01-01 00:00:09.591000,1970-01-01 00:00:04.781000,1,1,It wasn't quite what I expected. I seemed to think the pink ball had a lot of agency and was chasing the yellow ball. ,1,combine_cohort_cntrbal,CF_first,animate,inanimate,anim agent/phys patient,55,62,39,21
131,5f70808174ea69653b2f8d38,639b849b9eb8b78de8f318c8,2022-12-15 15:34:38.672385,,,,,,phys_v1.mp4,p_y_v2.mp4,[83],[36],"[76, 0]",[0],1970-01-01 00:00:15.421000,1970-01-01 00:00:16.464000,1970-01-01 00:00:25.377000,1970-01-01 00:00:37.903000,1,1,"no strategy , just observation",1,combine_cohort_cntrbal,cause_first,inanimate,inanimate,phys agent/phys patient,83,36,0,0
132,60fd83538179216c9bf817d7,639b84f50cad5d48010372c3,2022-12-15 15:35:12.483538,,,,,,phys_v1.mp4,y_p_v2.mp4,"[17, 38]","[87, 67]",[0],[0],1970-01-01 00:00:49.960000,1970-01-01 00:00:31.803000,1970-01-01 00:00:09.444000,1970-01-01 00:00:09.155000,1,1,,1,combine_cohort_cntrbal,cause_first,inanimate,inanimate,phys agent/phys patient,38,67,0,0
133,6269c1216bc57860c0a02ac3,639b84f42edfed3857e0a127,2022-12-15 15:35:29.125839,,,,,,anim_v1.mp4,y_p_v2.mp4,[17],[78],[5],"[4, 4, 7, 7, 4, 4, 4, 4, 4, 7]",1970-01-01 00:00:17.317000,1970-01-01 00:00:02.379000,1970-01-01 00:00:07.458000,1970-01-01 00:00:22.258000,1,1,No strategy!  Nothing odd or confusing and no technical difficulties.  An interesting study!,1,combine_cohort_cntrbal,cause_first,animate,inanimate,anim agent/phys patient,17,78,5,7
135,5bdfb648484288000130dad0,639b81321a6ca3cca8e0dafc,2022-12-15 15:37:56.904692,,,,,,anim_v1.mp4,y_p_v2.mp4,"[72, 97]",[90],[90],[26],1970-01-01 00:00:44.446000,1970-01-01 00:00:12.252000,1970-01-01 00:00:09.458000,1970-01-01 00:00:09.829000,1,1,The pink ball was used to push the yellow ball around,1,combine_cohort_cntrbal,cause_first,animate,inanimate,anim agent/phys patient,97,90,90,26
136,5a17467d5d06850001b00c41,639b858e9e8373abcd36df8d,2022-12-15 15:38:19.940843,,,,,,phys_v1.mp4,p_y_v2.mp4,[20],[73],[32],[33],1970-01-01 00:00:06.570000,1970-01-01 00:00:18.599000,1970-01-01 00:00:06.222000,1970-01-01 00:00:03.790000,1,1,"The question about one of the objects being animate, I answered false as two were animate. I felt the question was confusing",1,combine_cohort_cntrbal,cause_first,inanimate,inanimate,phys agent/phys patient,20,73,32,33
137,5e1378d34babe39a418f11c2,639b858ba92a887049455d0a,2022-12-15 15:38:20.563931,,,,,,phys_v1.mp4,p_y_v2.mp4,"[50, 50, 2]","[50, 4]",[1],[100],1970-01-01 00:00:53.077000,1970-01-01 00:00:34.541000,1970-01-01 00:00:23.496000,1970-01-01 00:00:11.975000,1,1,"I had to think about if the pink ball or yellow ball hadn't been there would the tower have collapsed, I felt that if either one had been missing the other would have knocked the tower down.",1,combine_cohort_cntrbal,CF_first,inanimate,inanimate,phys agent/phys patient,1,100,2,4
138,5eca536f9aa4f658d641a7d9,639b859be8ade0eb7581cbbc,2022-12-15 15:38:28.513767,,,,,,phys_v1.mp4,p_y_v2.mp4,[69],[93],[72],[23],1970-01-01 00:00:03.439000,1970-01-01 00:00:03.888000,1970-01-01 00:00:03.687000,1970-01-01 00:00:03.752000,1,1,Unusual to ask about which ball did what but the hardest part was trying to determine if the yellow ball caused the tower to collapse even though it didn't hit the tower but instead pushed hard against the pink ball which caused the pink ball to move faster and resulted in the collapse of the tower.,1,combine_cohort_cntrbal,cause_first,inanimate,inanimate,phys agent/phys patient,69,93,72,23
140,5b6088371f52240001676b36,639b85bf69bd324decd711e8,2022-12-15 15:38:47.915809,,,,,,anim_v1.mp4,y_p_v2.mp4,[10],"[100, 95]",[34],[40],1970-01-01 00:00:08.071000,1970-01-01 00:00:04.132000,1970-01-01 00:00:06.456000,1970-01-01 00:00:03.988000,1,1,I was observing how the two balls interacted with each other,1,combine_cohort_cntrbal,cause_first,animate,inanimate,anim agent/phys patient,10,95,34,40
141,620bdfcca922fc3f247f71f7,639b85c8a830463435e41df7,2022-12-15 15:39:03.228035,,,,,,phys_v1.mp4,p_y_v2.mp4,[13],[97],[3],[9],1970-01-01 00:00:08.229000,1970-01-01 00:00:04.247000,1970-01-01 00:00:18.247000,1970-01-01 00:00:07.679000,1,1,"The question about the balls being animate (alive) is weird. I marked no, since they are not living objects even though they are kinetic. 
I tried to trace the paths of the ball if there was no collisions. ",1,combine_cohort_cntrbal,cause_first,inanimate,inanimate,phys agent/phys patient,13,97,3,9
142,609d1db6e6624a23a8f99f0d,639b85f24bef4a5bc8317edd,2022-12-15 15:40:07.169840,,,,,,phys_v1.mp4,y_p_v2.mp4,[0],[100],[3],[100],1970-01-01 00:00:06.216000,1970-01-01 00:00:03.200000,1970-01-01 00:00:03.048000,1970-01-01 00:00:02.497000,1,1,No,1,combine_cohort_cntrbal,cause_first,inanimate,inanimate,phys agent/phys patient,0,100,3,100
143,5ff8d42a3711c017e48faef5,639b87e3b31153a036190c8b,2022-12-15 15:47:44.239015,,,,,,phys_v1.mp4,y_p_v2.mp4,"[3, 0]",[34],[68],[57],1970-01-01 00:00:08.843000,1970-01-01 00:00:03.506000,1970-01-01 00:00:07.554000,1970-01-01 00:00:22.000000,1,1,It was odd but it was easy enough,1,combine_cohort_cntrbal,CF_first,inanimate,inanimate,phys agent/phys patient,68,57,0,34
146,5c304ead89f0350001766c7d,639bdd54f5e4d230fad02e36,2022-12-15 21:52:50.683153,,,,,,phys_v1.mp4,p_y_v2.mp4,[0],[7],[29],[85],1970-01-01 00:00:10.102000,1970-01-01 00:00:04.752000,1970-01-01 00:00:03.871000,1970-01-01 00:00:02.278000,1,1,It was interesting and unique,1,combine_cohort_cntrbal,CF_first,inanimate,inanimate,phys agent/phys patient,29,85,0,7
147,5f3ebd568c429614c0f595e8,639bdd67deee30fb61d91cf1,2022-12-15 21:52:53.137554,,,,,,phys_v1.mp4,y_p_v2.mp4,"[0, 0]","[100, 22, 0]","[0, 23, 0, 20]","[83, 57, 69]",1970-01-01 00:01:39.826000,1970-01-01 00:01:33.705000,1970-01-01 00:01:29.218000,1970-01-01 00:01:24.424000,1,1,Both balls were responsible because if one had not caused the collapse the other right behind it would have.,1,combine_cohort_cntrbal,CF_first,inanimate,inanimate,phys agent/phys patient,20,69,0,0
148,5c0da14d656168000159da7a,639bdd68a79b34037436dfb8,2022-12-15 21:52:55.518426,,,,,,anim_v1.mp4,y_p_v2.mp4,[98],[29],[89],[24],1970-01-01 00:00:10.087000,1970-01-01 00:00:05.082000,1970-01-01 00:00:03.581000,1970-01-01 00:00:07.736000,1,1,"I had a bit of a problem with your definition of ""animated"". Usually that means more than just being in motion, and means that life-like characteristics are present as well, which I did not find to be true of the ball behavior initially. After being cautioned for a wrong response I began to think of the balls' movements as being more intelligent and informed than I had initially surmised.",1,combine_cohort_cntrbal,CF_first,animate,inanimate,anim agent/phys patient,89,24,98,29
149,5c50dd9acc71f4000125cb2e,639bde31ec3af6d2acae72e2,2022-12-15 21:56:13.555426,,,,,,phys_v1.mp4,p_y_v2.mp4,[64],[84],"[62, 68]",[64],1970-01-01 00:00:08.781000,1970-01-01 00:00:05.960000,1970-01-01 00:00:07.203000,1970-01-01 00:00:03.247000,1,1,,1,combine_cohort_cntrbal,CF_first,inanimate,inanimate,phys agent/phys patient,68,64,64,84
150,5c5fc78e96dff400013607a5,639bde4de3fb4a74e659bc76,2022-12-15 21:56:21.962904,,,,,,phys_v1.mp4,y_p_v2.mp4,[50],[50],[50],[50],1970-01-01 00:00:06.522000,1970-01-01 00:00:04.351000,1970-01-01 00:00:04.176000,1970-01-01 00:00:13.849000,1,1,,1,combine_cohort_cntrbal,cause_first,inanimate,inanimate,phys agent/phys patient,50,50,50,50
152,5f1e7c6768c1bb8491f39191,639bdf4cad1ad28b666b8775,2022-12-15 22:00:54.215586,,,,,,phys_v1.mp4,y_p_v2.mp4,[69],[62],[89],[42],1970-01-01 00:00:15.684000,1970-01-01 00:00:03.919000,1970-01-01 00:00:03.798000,1970-01-01 00:00:03.981000,1,1,,1,combine_cohort_cntrbal,cause_first,inanimate,inanimate,phys agent/phys patient,69,62,89,42
153,5fd8a0646c16732304844f31,639bdf228515ed7c3aaf4931,2022-12-15 22:01:10.020240,,,,,,phys_v1.mp4,p_y_v2.mp4,[0],[100],[0],[22],1970-01-01 00:00:10.674000,1970-01-01 00:00:11.743000,1970-01-01 00:00:08.857000,1970-01-01 00:00:22.296000,1,1,I found it clear and simple,1,combine_cohort_cntrbal,cause_first,inanimate,inanimate,phys agent/phys patient,0,100,0,22
155,63653dfe560d053f1598eeac,639bdfea82093b6ffcdaad14,2022-12-15 22:03:14.931164,,,,,,phys_v1.mp4,y_p_v2.mp4,[19],[78],[29],[74],1970-01-01 00:00:08.386000,1970-01-01 00:00:01.973000,1970-01-01 00:00:06.882000,1970-01-01 00:00:09.692000,1,1,,1,combine_cohort_cntrbal,cause_first,inanimate,inanimate,phys agent/phys patient,19,78,29,74
156,5df42ba7b199e4308719f2b2,639bdfa04d221828e3bfc323,2022-12-15 22:03:51.752017,,,,,,phys_v1.mp4,y_p_v2.mp4,[50],[50],[26],[26],1970-01-01 00:00:08.450000,1970-01-01 00:00:03.057000,1970-01-01 00:00:05.504000,1970-01-01 00:00:02.304000,1,1,No.,1,combine_cohort_cntrbal,cause_first,inanimate,inanimate,phys agent/phys patient,50,50,26,26
157,5caa183a9ac82a001631374e,639be04ce34457ba51ae728d,2022-12-15 22:05:09.369946,,,,,,anim_v1.mp4,y_p_v2.mp4,[83],[62],[53],[62],1970-01-01 00:00:05.177000,1970-01-01 00:00:02.608000,1970-01-01 00:00:04.566000,1970-01-01 00:00:18.158000,1,1,no comments,1,combine_cohort_cntrbal,cause_first,animate,inanimate,anim agent/phys patient,83,62,53,62
158,5b33034d975e260001e981c9,639be09bf2d35c74d0afe654,2022-12-15 22:06:12.231286,,,,,,phys_v1.mp4,y_p_v2.mp4,[12],[90],[42],[2],1970-01-01 00:00:07.697000,1970-01-01 00:00:02.177000,1970-01-01 00:00:05.353000,1970-01-01 00:00:10.968000,1,1,"Everything went smoothly, thank you!",1,combine_cohort_cntrbal,cause_first,inanimate,inanimate,phys agent/phys patient,12,90,42,2
159,6393da4dd62a68bec4f4661c,639be0602fd83217f71b58f0,2022-12-15 22:06:14.261690,,,,,,phys_v1.mp4,p_y_v2.mp4,[19],[21],"[41, 35, 49]",[83],1970-01-01 00:00:05.752000,1970-01-01 00:00:05.353000,1970-01-01 00:00:09.087000,1970-01-01 00:00:02.999000,1,1,"I considered the force of each ball, and its contribution to the tower falling. It is definitely an odd task",1,combine_cohort_cntrbal,CF_first,inanimate,inanimate,phys agent/phys patient,49,83,19,21
160,5d0e459e86e343000141468d,639be09f1daf69591626938b,2022-12-15 22:07:10.659916,,,,,,phys_v1.mp4,y_p_v2.mp4,[68],[41],[85],[21],1970-01-01 00:00:22.762000,1970-01-01 00:00:10.497000,1970-01-01 00:00:04.952000,1970-01-01 00:00:12.544000,1,1,"no strategy, no tech probs",1,combine_cohort_cntrbal,cause_first,inanimate,inanimate,phys agent/phys patient,68,41,85,21
161,61001ebb5adab4eabab44872,639be0e8bf4606512510ee51,2022-12-15 22:07:32.548999,,,,,,phys_v1.mp4,p_y_v2.mp4,[0],[100],"[68, 22, 13]","[50, 0]",1970-01-01 00:00:05.869000,1970-01-01 00:00:05.022000,1970-01-01 00:00:17.993000,1970-01-01 00:00:09.211000,1,1,,1,combine_cohort_cntrbal,cause_first,inanimate,inanimate,phys agent/phys patient,0,100,13,0
163,5de90d6405263f000a4ed586,639be12149bb9a2576f3189f,2022-12-15 22:09:03.262783,,,,,,phys_v1.mp4,y_p_v2.mp4,[0],[100],[0],"[50, 51]",1970-01-01 00:00:08.853000,1970-01-01 00:00:03.853000,1970-01-01 00:00:05.856000,1970-01-01 00:00:04.512000,1,1,"No. The yellow ball hit the structure first, causing it to fall. ",1,combine_cohort_cntrbal,cause_first,inanimate,inanimate,phys agent/phys patient,0,100,0,51
166,5cc3754ba757bd0015332a48,639be16b1b1ece8a5b190c8f,2022-12-15 22:10:17.700180,,,,,,anim_v1.mp4,y_p_v2.mp4,[23],[22],[20],[78],1970-01-01 00:00:11.311000,1970-01-01 00:00:10.641000,1970-01-01 00:00:03.642000,1970-01-01 00:00:03.090000,1,1,"No, I just looked at what what presented- which is the yellow caused it with or without the pink ball. 
The only confusing thing was calling a ball animate and then having to redo the study. I assume animate was opposite of inanimate... silly me. ",1,combine_cohort_cntrbal,CF_first,animate,inanimate,anim agent/phys patient,20,78,23,22
169,5fb2a36beb05718ea82fa6ff,639be1b475c90823b69cee0a,2022-12-15 22:11:08.693998,,,,,,phys_v1.mp4,p_y_v2.mp4,"[0, 10]",[0],"[100, 100]","[96, 95]",1970-01-01 00:00:36.065000,1970-01-01 00:00:08.384000,1970-01-01 00:00:22.283000,1970-01-01 00:00:11.167000,1,1,,1,combine_cohort_cntrbal,CF_first,inanimate,inanimate,phys agent/phys patient,100,95,10,0
170,581d5500930a280001062d83,639be232ca68bb55ee602434,2022-12-15 22:13:18.133410,,,,,,phys_v1.mp4,y_p_v2.mp4,[0],[0],[0],[100],1970-01-01 00:00:19.475000,1970-01-01 00:00:07.492000,1970-01-01 00:00:14.098000,1970-01-01 00:00:31.465000,1,1,"I was trying to figure out what the catch was, but there didn't seem to be one.",1,combine_cohort_cntrbal,CF_first,inanimate,inanimate,phys agent/phys patient,0,100,0,0
171,63936678df6e08d7f8366b56,639be2406dbb43e07710ee39,2022-12-15 22:13:50.104796,,,,,,phys_v1.mp4,p_y_v2.mp4,"[64, 67]","[60, 62]","[41, 57, 43, 40, 42]","[43, 40]",1970-01-01 00:00:13.385000,1970-01-01 00:00:05.343000,1970-01-01 00:00:24.252000,1970-01-01 00:00:17.544000,1,1,,1,combine_cohort_cntrbal,cause_first,inanimate,inanimate,phys agent/phys patient,67,62,42,40
172,60fee7266b5eea02c3563a26,639be29a3a744a9dc010ee19,2022-12-15 22:14:52.529782,,,,,,anim_v1.mp4,y_p_v2.mp4,[89],[17],[91],[7],1970-01-01 00:00:06.599000,1970-01-01 00:00:03.028000,1970-01-01 00:00:05.626000,1970-01-01 00:00:04.240000,1,1,,1,combine_cohort_cntrbal,cause_first,animate,inanimate,anim agent/phys patient,89,17,91,7
173,631bf96cdf83ffb8f4a7fab8,639be039a693214d3212e767,2022-12-15 22:35:32.230055,,,,,,anim_v1.mp4,y_p_v2.mp4,[79],[0],[100],[0],1970-01-01 00:00:08.057000,1970-01-01 00:00:02.982000,1970-01-01 00:00:01.611000,1970-01-01 00:00:02.415000,1,1,,1,combine_cohort_cntrbal,CF_first,animate,inanimate,anim agent/phys patient,100,0,79,0
174,60ffb8a8cfdd58e8f1550e59,639bed4e0b6451b99b9cee0c,2022-12-15 23:00:26.083665,,,,,,phys_v1.mp4,y_p_v2.mp4,[0],[0],[0],[100],1970-01-01 00:00:18.510000,1970-01-01 00:00:09.889000,1970-01-01 00:00:04.324000,1970-01-01 00:00:02.198000,1,1, ,1,combine_cohort_cntrbal,CF_first,inanimate,inanimate,phys agent/phys patient,0,100,0,0
177,5c768428ffaec400166c093d,639c6ed5730e15ac0781cba5,2022-12-16 08:13:29.076851,,,,,,anim_v1.mp4,y_p_v2.mp4,[0],[100],"[24, 4]",[80],1970-01-01 00:00:04.840000,1970-01-01 00:00:03.016000,1970-01-01 00:00:16.945000,1970-01-01 00:00:21.993000,1,1,"I initially said False to the ""alive"" question and still think the term should be ""animated"" not ""alive""",1,combine_cohort_cntrbal,cause_first,animate,inanimate,anim agent/phys patient,0,100,4,80
180,61091c742ad4c784f6fcce9d,639c6f05c5d53ca0a302f87d,2022-12-16 08:14:10.458503,,,,,,phys_v1.mp4,y_p_v2.mp4,[0],"[96, 100]",[0],[0],1970-01-01 00:00:02.689000,1970-01-01 00:00:04.827000,1970-01-01 00:00:04.994000,1970-01-01 00:00:02.940000,1,1,I thought it was easy to answer the questions ,1,combine_cohort_cntrbal,cause_first,inanimate,inanimate,phys agent/phys patient,0,100,0,0
181,60b93a0e8689bad10fd7b17a,639c6f13c242dbbc53ecbca2,2022-12-16 08:14:24.868302,,,,,,phys_v1.mp4,y_p_v2.mp4,[0],[100],"[45, 36]",[71],1970-01-01 00:00:15.642000,1970-01-01 00:00:05.842000,1970-01-01 00:00:26.919000,1970-01-01 00:00:09.187000,1,1,no,1,combine_cohort_cntrbal,cause_first,inanimate,inanimate,phys agent/phys patient,0,100,36,71
183,5d53c753cdaa7a000101dd14,639c6fb0b4d4d7e87a10ee46,2022-12-16 08:16:50.751085,,,,,,phys_v1.mp4,y_p_v2.mp4,"[36, 16]",[19],[1],"[89, 83]",1970-01-01 00:00:37.392000,1970-01-01 00:00:16.375000,1970-01-01 00:00:08.243000,1970-01-01 00:01:17.759000,1,1,no,1,combine_cohort_cntrbal,CF_first,inanimate,inanimate,phys agent/phys patient,1,83,16,19
184,5db306ae679c65000bb4bb9a,639c70f60edab0edb8d91ce5,2022-12-16 08:22:18.358437,,,,,,phys_v1.mp4,y_p_v2.mp4,[0],[0],[30],[70],1970-01-01 00:00:07.933000,1970-01-01 00:00:03.795000,1970-01-01 00:00:04.184000,1970-01-01 00:00:01.682000,1,1,,1,combine_cohort_cntrbal,CF_first,inanimate,inanimate,phys agent/phys patient,30,70,0,0
186,5a4e7de01471d10001658776,639c7152fbe1fe333b317ec4,2022-12-16 08:23:43.325881,,,,,,phys_v1.mp4,y_p_v2.mp4,[4],[2],"[13, 0, 100]","[94, 100]",1970-01-01 00:00:05.959000,1970-01-01 00:00:04.622000,1970-01-01 00:00:10.210000,1970-01-01 00:00:06.427000,1,1,,1,combine_cohort_cntrbal,CF_first,inanimate,inanimate,phys agent/phys patient,100,100,4,2
187,5c2e9e4b9396d000016214de,639c71495bab8f9aa4bd7f1f,2022-12-16 08:23:45.049577,,,,,,phys_v1.mp4,p_y_v2.mp4,"[90, 97, 100]",[100],[88],[69],1970-01-01 00:00:24.127000,1970-01-01 00:00:04.800000,1970-01-01 00:00:04.115000,1970-01-01 00:00:28.490000,1,1,I had no difficulties.,1,combine_cohort_cntrbal,cause_first,inanimate,inanimate,phys agent/phys patient,100,100,88,69
188,628ff919d843cc2a752e489a,639c71ded607bf6cbb12e75c,2022-12-16 08:26:02.531607,,,,,,anim_v1.mp4,y_p_v2.mp4,[97],[24],[97],[3],1970-01-01 00:00:16.836000,1970-01-01 00:00:12.061000,1970-01-01 00:00:03.458000,1970-01-01 00:00:13.114000,1,1,,1,combine_cohort_cntrbal,CF_first,animate,inanimate,anim agent/phys patient,97,3,97,24
190,601017ce4f1db9279c1f2b7c,639c721ed37afa9ec6e0a181,2022-12-16 08:27:19.299245,,,,,,anim_v1.mp4,y_p_v2.mp4,[24],[7],[0],[99],1970-01-01 00:00:15.964000,1970-01-01 00:00:01.854000,1970-01-01 00:00:03.870000,1970-01-01 00:00:01.475000,1,1,I tried to imagine the paths of both balls had they not collided ,1,combine_cohort_cntrbal,CF_first,animate,inanimate,anim agent/phys patient,0,99,24,7
192,589095a6046bbb0001a52d2d,639c75dcd607bf6cbb12e7ca,2022-12-16 08:43:06.970115,,,,,,anim_v1.mp4,y_p_v2.mp4,[15],[86],[33],[75],1970-01-01 00:00:17.837000,1970-01-01 00:00:02.729000,1970-01-01 00:00:18.263000,1970-01-01 00:00:05.326000,1,1,Interesting to watch the different behaviours of the two balls.,1,combine_cohort_cntrbal,cause_first,animate,inanimate,anim agent/phys patient,15,86,33,75
195,5d59a10aa17f570017307126,639c75eb07bb41b540e0a114,2022-12-16 08:43:27.628933,,,,,,anim_v1.mp4,y_p_v2.mp4,[66],[41],[67],[65],1970-01-01 00:00:15.418000,1970-01-01 00:00:05.232000,1970-01-01 00:00:04.729000,1970-01-01 00:00:12.251000,1,1,The first check question asked if one of the objects were alive. None were but this answer was not accepted.,1,combine_cohort_cntrbal,cause_first,animate,inanimate,anim agent/phys patient,66,41,67,65
196,5fff3b73f31eb501840d649d,639c75ed644c86826281cbcb,2022-12-16 08:43:29.374154,,,,,,anim_v1.mp4,y_p_v2.mp4,"[89, 50]",[100],[50],[78],1970-01-01 00:00:26.316000,1970-01-01 00:00:17.708000,1970-01-01 00:00:19.442000,1970-01-01 00:00:13.426000,1,1,No difficulties. No strategy other than observation. The yellow ball clearly destroyed the tower. Why did the yellow ball destroy the tower? Because it was pushed by the pink ball.,1,combine_cohort_cntrbal,cause_first,animate,inanimate,anim agent/phys patient,50,100,50,78
197,5b61d0768de04c000171cf1b,639c75dd6801c054d3e0db50,2022-12-16 08:43:30.134942,,,,,,anim_v1.mp4,y_p_v2.mp4,[30],[80],[66],[31],1970-01-01 00:00:10.518000,1970-01-01 00:00:02.505000,1970-01-01 00:00:17.599000,1970-01-01 00:00:12.357000,1,1,,1,combine_cohort_cntrbal,cause_first,animate,inanimate,anim agent/phys patient,30,80,66,31
198,629d679fb4c7c6dbb69817d8,639c75ddc36bd4cd256b8766,2022-12-16 08:43:35.562953,,,,,,anim_v1.mp4,y_p_v2.mp4,[35],[35],[50],[54],1970-01-01 00:00:16.383000,1970-01-01 00:00:04.544000,1970-01-01 00:00:02.306000,1970-01-01 00:00:07.123000,1,1,"It was fairly vague, so I wasn't very confident about my answers. No technical issues. ",1,combine_cohort_cntrbal,CF_first,animate,inanimate,anim agent/phys patient,50,54,35,35
199,5e68d2b5576136000ba058a2,639c75f0b250b9f5ce029787,2022-12-16 08:43:37.486123,,,,,,anim_v1.mp4,y_p_v2.mp4,"[16, 58]",[38],[84],[81],1970-01-01 00:00:32.799000,1970-01-01 00:00:22.392000,1970-01-01 00:00:06.450000,1970-01-01 00:00:04.617000,1,1,Its difficult to really work out which ball is responsible as you don't see what happens just before the clip starts!,1,combine_cohort_cntrbal,CF_first,animate,inanimate,anim agent/phys patient,84,81,58,38
201,5e686cc00ec2fc11d7fa6dc9,639c75f4e91d8af166ab3529,2022-12-16 08:43:50.346052,,,,,,anim_v1.mp4,y_p_v2.mp4,"[0, 10]","[1, 99]","[1, 12]",[86],1970-01-01 00:01:13.625000,1970-01-01 00:00:48.082000,1970-01-01 00:00:11.024000,1970-01-01 00:00:08.190000,1,1,"it was cute, but nothing too confusing",1,combine_cohort_cntrbal,CF_first,animate,inanimate,anim agent/phys patient,12,86,10,99
203,604e202a885d13cdcdee5600,639c75f42d2d7ab7bc77a6db,2022-12-16 08:44:03.077698,,,,,,anim_v1.mp4,y_p_v2.mp4,"[48, 74, 86]",[80],"[14, 9]","[90, 13]",1970-01-01 00:00:20.226000,1970-01-01 00:00:09.162000,1970-01-01 00:00:10.988000,1970-01-01 00:00:20.979000,1,1,  I thought the questions and exercise was pretty straight forward.  No strategy was used other than re watching the series of events. ,1,combine_cohort_cntrbal,cause_first,animate,inanimate,anim agent/phys patient,86,80,9,13
205,5707c536374137000ebbbc46,639c7604d7dda355039cee2e,2022-12-16 08:44:06.218257,,,,,,anim_v1.mp4,y_p_v2.mp4,"[0, 0, 0]",[100],[0],[100],1970-01-01 00:00:05.292000,1970-01-01 00:00:04.222000,1970-01-01 00:00:05.707000,1970-01-01 00:00:02.041000,1,1,,1,combine_cohort_cntrbal,cause_first,animate,inanimate,anim agent/phys patient,0,100,0,100
206,5ad4d7de546e150001b695b0,639c76086349b3e5a4602434,2022-12-16 08:44:06.641116,,,,,,anim_v1.mp4,y_p_v2.mp4,[39],[56],[35],[35],1970-01-01 00:00:02.992000,1970-01-01 00:00:01.024000,1970-01-01 00:00:01.856000,1970-01-01 00:00:02.616000,1,1,,1,combine_cohort_cntrbal,cause_first,animate,inanimate,anim agent/phys patient,39,56,35,35
214,60fd2085fa7bda3ebb89b558,639c8569b0987b7a15ecbce7,2022-12-16 09:49:45.992477,,,,,,anim_v1.mp4,y_p_v2.mp4,[25],[83],[100],[78],1970-01-01 00:00:07.959000,1970-01-01 00:00:02.529000,1970-01-01 00:00:05.684000,1970-01-01 00:00:05.136000,1,1,,1,combine_cohort_cntrbal,cause_first,animate,inanimate,anim agent/phys patient,25,83,100,78
215,5f85734b8c8f2f01b956eeef,639c863c48de2e9df075c395,2022-12-16 09:52:50.954234,,,,,,anim_v1.mp4,y_p_v2.mp4,[90],[6],[97],[2],1970-01-01 00:00:03.327000,1970-01-01 00:00:01.744000,1970-01-01 00:00:01.696000,1970-01-01 00:00:01.657000,1,1,,1,combine_cohort_cntrbal,CF_first,animate,inanimate,anim agent/phys patient,97,2,90,6
216,614fcba0d71b7a527a512011,639c865c50807e0c39bd7f16,2022-12-16 09:53:47.131714,,,,,,anim_v1.mp4,y_p_v2.mp4,[83],[91],[82],[83],1970-01-01 00:00:05.503000,1970-01-01 00:00:10.712000,1970-01-01 00:00:04.048000,1970-01-01 00:00:01.840000,1,1,I didn't think of the balls as animate and inanimate. I thought of them as people!  I thought the pink ball was bullying the yellow ball.,1,combine_cohort_cntrbal,CF_first,animate,inanimate,anim agent/phys patient,82,83,83,91
217,62ec3b974b647a663dc21114,639c86a3eab703713181cb92,2022-12-16 09:54:49.334404,,,,,,anim_v1.mp4,y_p_v2.mp4,"[63, 80]",[42],"[88, 81]",[32],1970-01-01 00:00:11.577000,1970-01-01 00:00:02.513000,1970-01-01 00:00:09.544000,1970-01-01 00:00:08.272000,1,1,The task was simple. I was just confused with the wording of the object was alive question. Both objects were moving but I wouldn't consider them to be alive.,1,combine_cohort_cntrbal,cause_first,animate,inanimate,anim agent/phys patient,80,42,81,32
218,60abb40fe8824c6f9007faeb,639c86702c3fc35713bd7f4a,2022-12-16 09:55:30.046401,,,,,,anim_v1.mp4,y_p_v2.mp4,[0],[100],[34],"[36, 35]",1970-01-01 00:00:11.894000,1970-01-01 00:00:06.888000,1970-01-01 00:00:02.352000,1970-01-01 00:00:03.096000,1,1,I was confused at the fact that what would have happened if the pink ball was not in the video. Would the yellow ball still have destroyed the tower without the pink ball's push or what.,1,combine_cohort_cntrbal,cause_first,animate,inanimate,anim agent/phys patient,0,100,34,35
219,5f85750a256d25010d68e377,639c86dae56b7e801ebd7f11,2022-12-16 09:56:05.902617,,,,,,anim_v1.mp4,y_p_v2.mp4,[50],[76],[50],[76],1970-01-01 00:00:02.823000,1970-01-01 00:00:00.936000,1970-01-01 00:00:00.945000,1970-01-01 00:00:00.991000,1,1,"Only reason I didn't get the first of the confirmation questions ""right"" was the word animate - I saw the pink ball as being moved by an entity that was removed from the images, not it being alive. Wording here is a little confusing",1,combine_cohort_cntrbal,cause_first,animate,inanimate,anim agent/phys patient,50,76,50,76
220,5fcfc5d2efeec61409aa6cf7,639c86f082de88f83fd91cce,2022-12-16 09:56:17.374339,,,,,,anim_v1.mp4,y_p_v2.mp4,[88],[27],[60],[0],1970-01-01 00:00:08.185000,1970-01-01 00:00:04.774000,1970-01-01 00:00:19.525000,1970-01-01 00:00:04.205000,1,1,,1,combine_cohort_cntrbal,cause_first,animate,inanimate,anim agent/phys patient,88,27,60,0
221,616889dc0a398a770bfd5fa8,639c87065cdecbba04d280df,2022-12-16 09:56:37.076216,,,,,,anim_v1.mp4,y_p_v2.mp4,[100],[100],"[70, 82]",[70],1970-01-01 00:00:27.935000,1970-01-01 00:00:02.733000,1970-01-01 00:00:12.479000,1970-01-01 00:00:05.430000,1,1,,1,combine_cohort_cntrbal,CF_first,animate,inanimate,anim agent/phys patient,82,70,100,100
222,603562fdba8e8db8fa33b1f1,639c86fb6a7f034d48317ebf,2022-12-16 09:56:38.326998,,,,,,anim_v1.mp4,y_p_v2.mp4,[62],[80],[28],[12],1970-01-01 00:00:06.160000,1970-01-01 00:00:01.947000,1970-01-01 00:00:06.357000,1970-01-01 00:00:01.681000,1,1,,1,combine_cohort_cntrbal,cause_first,animate,inanimate,anim agent/phys patient,62,80,28,12
223,5ad20ccab438910001ac9b03,639c8722de7e9698bfa078b8,2022-12-16 09:57:02.100565,,,,,,anim_v1.mp4,y_p_v2.mp4,[75],"[39, 39]","[63, 63]","[34, 46, 63]",1970-01-01 00:00:18.833000,1970-01-01 00:00:08.293000,1970-01-01 00:00:11.928000,1970-01-01 00:00:30.041000,1,1,no.,1,combine_cohort_cntrbal,cause_first,animate,inanimate,anim agent/phys patient,75,39,63,63
224,6056e89e532b129f52091452,639c870503931df09d59bc4d,2022-12-16 09:57:16.435389,,,,,,anim_v1.mp4,y_p_v2.mp4,"[0, 100]","[0, 40]",[90],[0],1970-01-01 00:00:53.077000,1970-01-01 00:00:48.119000,1970-01-01 00:00:47.810000,1970-01-01 00:00:12.314000,1,1,,1,combine_cohort_cntrbal,cause_first,animate,inanimate,anim agent/phys patient,100,40,90,0
225,60ba54de9708db5ce1a03e48,639c8745d22c718e962d4e48,2022-12-16 09:57:23.444404,,,,,,anim_v1.mp4,y_p_v2.mp4,[58],[18],[61],[41],1970-01-01 00:00:06.199000,1970-01-01 00:00:06.506000,1970-01-01 00:00:03.252000,1970-01-01 00:00:01.563000,1,1,,1,combine_cohort_cntrbal,CF_first,animate,inanimate,anim agent/phys patient,61,41,58,18
226,60b880518b31da36270782eb,639c86bc5ac85f346becbc9a,2022-12-16 09:57:26.119158,,,,,,anim_v1.mp4,y_p_v2.mp4,[100],"[0, 0]",[100],[100],1970-01-01 00:00:23.245000,1970-01-01 00:00:07.416000,1970-01-01 00:00:03.809000,1970-01-01 00:00:04.027000,1,1,What was controlling the pink ball?,1,combine_cohort_cntrbal,CF_first,animate,inanimate,anim agent/phys patient,100,100,100,0
227,5970a273965d930001323b08,639c875899ea5a56e1cb91f5,2022-12-16 09:57:47.217662,,,,,,anim_v1.mp4,y_p_v2.mp4,[67],[60],[68],[61],1970-01-01 00:00:02.704000,1970-01-01 00:00:03.856000,1970-01-01 00:00:03.904000,1970-01-01 00:00:02.817000,1,1,I disagree with your description of the objects being alive.  Neither the pink or yellow balls were alive,1,combine_cohort_cntrbal,cause_first,animate,inanimate,anim agent/phys patient,67,60,68,61
228,61029cda476e7c53d886cee9,639c877fea3f8669df1050fa,2022-12-16 09:58:29.586653,,,,,,anim_v1.mp4,y_p_v2.mp4,"[0, 26, 59]",[69],[25],[43],1970-01-01 00:00:21.033000,1970-01-01 00:00:15.249000,1970-01-01 00:00:05.366000,1970-01-01 00:00:05.185000,1,1,,1,combine_cohort_cntrbal,cause_first,animate,inanimate,anim agent/phys patient,59,69,25,43
229,60fee0955e35639c8f71fcf3,639c879e23eca3292059bc4a,2022-12-16 09:58:47.099280,,,,,,anim_v1.mp4,y_p_v2.mp4,"[37, 35]",[35],[60],[60],1970-01-01 00:00:09.155000,1970-01-01 00:00:02.737000,1970-01-01 00:00:05.573000,1970-01-01 00:00:02.554000,1,1,,1,combine_cohort_cntrbal,CF_first,animate,inanimate,anim agent/phys patient,60,60,35,35
230,60dd7e78241358532c6a9024,639c878c46c3e72fe0afd9ad,2022-12-16 09:58:47.734552,,,,,,anim_v1.mp4,y_p_v2.mp4,[69],[69],[37],[61],1970-01-01 00:00:09.401000,1970-01-01 00:00:02.508000,1970-01-01 00:00:03.725000,1970-01-01 00:00:04.854000,1,1,I didn't use a strategy.,1,combine_cohort_cntrbal,cause_first,animate,inanimate,anim agent/phys patient,69,69,37,61
231,5ff12028e6b281575462ddf6,639c87d7dca1084154ecbca6,2022-12-16 09:59:47.033049,,,,,,anim_v1.mp4,y_p_v2.mp4,"[80, 79, 83]","[92, 100]",[27],[27],1970-01-01 00:00:30.486000,1970-01-01 00:00:13.483000,1970-01-01 00:00:24.784000,1970-01-01 00:00:09.549000,1,1,,1,combine_cohort_cntrbal,cause_first,animate,inanimate,anim agent/phys patient,83,100,27,27
232,5def0431a506d95b31007a88,639c87df828b07fa8ed28099,2022-12-16 10:00:10.382972,,,,,,anim_v1.mp4,y_p_v2.mp4,[38],[31],[15],[27],1970-01-01 00:00:05.742000,1970-01-01 00:00:15.001000,1970-01-01 00:00:09.689000,1970-01-01 00:00:04.336000,1,1,Just tried to really concentrate on the task.,1,combine_cohort_cntrbal,cause_first,animate,inanimate,anim agent/phys patient,38,31,15,27
233,5ab41678e1546900019b4b15,639c87f1a647fc6bb3d28069,2022-12-16 10:00:12.941887,,,,,,anim_v1.mp4,y_p_v2.mp4,[26],[20],[71],[70],1970-01-01 00:00:04.413000,1970-01-01 00:00:03.025000,1970-01-01 00:00:02.780000,1970-01-01 00:00:02.245000,1,1,I did not use a particular strategy.,1,combine_cohort_cntrbal,CF_first,animate,inanimate,anim agent/phys patient,71,70,26,20
234,56b98f00769307000d12c021,639c87ed3aed5c163d1fa8b4,2022-12-16 10:00:28.142388,,,,,,anim_v1.mp4,y_p_v2.mp4,[8],[8],[7],[50],1970-01-01 00:00:08.788000,1970-01-01 00:00:04.067000,1970-01-01 00:00:07.969000,1970-01-01 00:00:02.500000,1,1,The use of the word animate was confusing ,1,combine_cohort_cntrbal,cause_first,animate,inanimate,anim agent/phys patient,8,8,7,50
235,5da4688d64995200150bf08d,639c8804b23907091ae0a156,2022-12-16 10:00:45.481912,,,,,,anim_v1.mp4,y_p_v2.mp4,[19],[85],"[22, 15]",[88],1970-01-01 00:00:07.446000,1970-01-01 00:00:05.640000,1970-01-01 00:00:12.013000,1970-01-01 00:00:07.851000,1,1,"My strategy was to pay attention.

I was confused by what you mean in the follow up question that asked if one of the objects was alive - in the second video, both balls seems to move on their own, so I said yes.  The blocks did not seem to be animated.  ",1,combine_cohort_cntrbal,cause_first,animate,inanimate,anim agent/phys patient,19,85,15,88
236,59a23b5d1bf9070001ce8d73,639c87f777168a63816b87b8,2022-12-16 10:01:15.346873,,,,,,anim_v1.mp4,y_p_v2.mp4,[18],[3],[90],[90],1970-01-01 00:00:06.687000,1970-01-01 00:00:10.850000,1970-01-01 00:00:14.231000,1970-01-01 00:00:04.715000,1,1,"I didn't use a stratagy, I just tried to watch closely and then work out the answers.",1,combine_cohort_cntrbal,CF_first,animate,inanimate,anim agent/phys patient,90,90,18,3
237,5fa48feaddfbd812de13f3bb,639c884470c2b7ac54af4915,2022-12-16 10:01:55.302406,,,,,,anim_v1.mp4,y_p_v2.mp4,[10],[98],[4],[4],1970-01-01 00:00:20.624000,1970-01-01 00:00:04.345000,1970-01-01 00:00:17.886000,1970-01-01 00:00:04.366000,1,1,NO.,1,combine_cohort_cntrbal,cause_first,animate,inanimate,anim agent/phys patient,10,98,4,4
238,636679710d6b57310e13baed,639c8879a994b8de18f3190a,2022-12-16 10:02:46.642193,,,,,,anim_v1.mp4,y_p_v2.mp4,"[100, 79]",[76],[100],[16],1970-01-01 00:00:04.753000,1970-01-01 00:00:04.376000,1970-01-01 00:00:02.289000,1970-01-01 00:00:04.349000,1,1,,1,combine_cohort_cntrbal,cause_first,animate,inanimate,anim agent/phys patient,79,76,100,16
239,60425419c022710bb262c71f,639c8813828b07fa8ed2809f,2022-12-16 10:03:21.376216,,,,,,anim_v1.mp4,y_p_v2.mp4,[76],[30],[63],[40],1970-01-01 00:00:03.109000,1970-01-01 00:00:02.943000,1970-01-01 00:00:01.568000,1970-01-01 00:00:01.192000,1,1,Watched the speeds of the balls and made a judgement call,1,combine_cohort_cntrbal,cause_first,animate,inanimate,anim agent/phys patient,76,30,63,40
240,612a5744ab67e0bc1b93dd8b,639c88c5eab703713181cbd6,2022-12-16 10:03:50.236268,,,,,,anim_v1.mp4,y_p_v2.mp4,[100],[50],[100],[0],1970-01-01 00:00:01.480000,1970-01-01 00:00:06.136000,1970-01-01 00:00:02.388000,1970-01-01 00:00:01.706000,1,1,I figured that the yellow ball would have stopped short of the tower if the pink ball hadn't hit it.,1,combine_cohort_cntrbal,cause_first,animate,inanimate,anim agent/phys patient,100,50,100,0
241,5edfd24f21501a2e9bfcbc3b,639c894c1b9bdf935512e7d0,2022-12-16 10:06:11.269330,,,,,,anim_v1.mp4,y_p_v2.mp4,[83],[19],[21],[82],1970-01-01 00:00:17.783000,1970-01-01 00:00:13.599000,1970-01-01 00:00:07.840000,1970-01-01 00:00:03.351000,1,1,,1,combine_cohort_cntrbal,CF_first,animate,inanimate,anim agent/phys patient,21,82,83,19
242,5c70974403f85b0001af8d5d,639c87f3dca1084154ecbcaa,2022-12-16 10:06:49.054593,,,,,,anim_v1.mp4,y_p_v2.mp4,[69],[53],[45],[45],1970-01-01 00:00:12.490000,1970-01-01 00:00:08.626000,1970-01-01 00:00:20.360000,1970-01-01 00:00:07.490000,1,1,No issues.,1,combine_cohort_cntrbal,cause_first,animate,inanimate,anim agent/phys patient,69,53,45,45
243,5f78863ec51814422de56470,639c899c5e4c6280f9cb91ac,2022-12-16 10:07:19.513630,,,,,,anim_v1.mp4,y_p_v2.mp4,[90],[33],"[50, 50, 53]",[28],1970-01-01 00:00:06.975000,1970-01-01 00:00:05.593000,1970-01-01 00:00:31.385000,1970-01-01 00:00:24.621000,1,1,,1,combine_cohort_cntrbal,cause_first,animate,inanimate,anim agent/phys patient,90,33,53,28
244,5d8ceadadad82b0016bac50b,639c89bec26f658734440135,2022-12-16 10:07:56.630767,,,,,,anim_v1.mp4,y_p_v2.mp4,"[79, 92]",[77],[87],[16],1970-01-01 00:00:13.330000,1970-01-01 00:00:01.516000,1970-01-01 00:00:02.875000,1970-01-01 00:00:02.460000,1,1,,1,combine_cohort_cntrbal,cause_first,animate,inanimate,anim agent/phys patient,92,77,87,16
245,5b8a709614e8c6000104eafa,639c89fb47327adc8260249a,2022-12-16 10:08:58.922672,,,,,,anim_v1.mp4,y_p_v2.mp4,[92],[10],[89],[24],1970-01-01 00:00:09.089000,1970-01-01 00:00:04.693000,1970-01-01 00:00:14.198000,1970-01-01 00:00:09.215000,1,1,,1,combine_cohort_cntrbal,cause_first,animate,inanimate,anim agent/phys patient,92,10,89,24
246,6049dd5314c74fb7246de9d2,639c89e42a5e6b3e7136dfc9,2022-12-16 10:09:43.901421,,,,,,anim_v1.mp4,y_p_v2.mp4,[32],[66],[38],[21],1970-01-01 00:00:05.868000,1970-01-01 00:00:02.082000,1970-01-01 00:00:04.384000,1970-01-01 00:00:05.484000,1,1,,1,combine_cohort_cntrbal,cause_first,animate,inanimate,anim agent/phys patient,32,66,38,21
247,567adef5b7d79a0012b26b95,639c8a3012d2f7132677a6ca,2022-12-16 10:09:53.401475,,,,,,anim_v1.mp4,y_p_v2.mp4,[100],[50],"[50, 50]",[50],1970-01-01 00:00:08.442000,1970-01-01 00:00:01.390000,1970-01-01 00:00:01.448000,1970-01-01 00:00:12.334000,1,1,"I absolutely do not believe that either ball was ""alive""? It is very weird that you required that I say that it was in order to complete the survey? I spent way more time on this than I should have, because I went through it 3 times because I wasn't sure that's really what you meant? though I'm glad I at least wasn't ""rejected"" for saying that balls behaving according to standard Newtonian physics were not ""alive""...?",1,combine_cohort_cntrbal,cause_first,animate,inanimate,anim agent/phys patient,100,50,50,50
248,571ba0766b0894001362d82f,639c8a3ed74bbc8dbd1fa894,2022-12-16 10:10:01.812346,,,,,,anim_v1.mp4,y_p_v2.mp4,[0],[0],"[64, 0]",[100],1970-01-01 00:00:02.288000,1970-01-01 00:00:01.552000,1970-01-01 00:00:13.424000,1970-01-01 00:00:11.336000,1,1,"Stupid - no evidence that the pink ball was alive.  Controlled maybe, but controlled drones are not alive.  No strategy, just imagined what would happen if each of the balls was missing.",1,combine_cohort_cntrbal,CF_first,animate,inanimate,anim agent/phys patient,0,100,0,0
249,5edf8803c008532459792282,639c8a22b91cfc9274ff4177,2022-12-16 10:10:14.946430,,,,,,anim_v1.mp4,y_p_v2.mp4,"[45, 49, 44, 53, 54, 49, 52, 54, 56, 58, 59]","[37, 34, 49, 39, 35, 38, 31, 30]","[50, 47, 44, 49, 50, 55, 57, 58, 59, 57, 59, 59]","[58, 61, 58, 59, 60, 50, 50, 50, 50, 47, 46, 46, 45, 44, 49, 46, 47, 45]",1970-01-01 00:06:03.150000,1970-01-01 00:04:39.473000,1970-01-01 00:04:25.443000,1970-01-01 00:04:30.051000,1,1,"I found it difficult to judge, so was not very confident in my answers. Also I assume animate to mean capable of moving by itself when I answered yes. ",1,combine_cohort_cntrbal,CF_first,animate,inanimate,anim agent/phys patient,59,45,59,30
250,5ecbe220d068807a5425c4de,639c8a58aecdcf0f39a078a8,2022-12-16 10:10:47.970502,,,,,,anim_v1.mp4,y_p_v2.mp4,[66],[33],[83],[59],1970-01-01 00:00:07.489000,1970-01-01 00:00:04.760000,1970-01-01 00:00:07.000000,1970-01-01 00:00:04.992000,1,1,,1,combine_cohort_cntrbal,cause_first,animate,inanimate,anim agent/phys patient,66,33,83,59
251,607ee7232fb723e021ea8bd5,639c8a6fd4ec0528141050f8,2022-12-16 10:11:31.649308,,,,,,anim_v1.mp4,y_p_v2.mp4,[43],[41],[39],[70],1970-01-01 00:00:18.269000,1970-01-01 00:00:11.095000,1970-01-01 00:00:10.411000,1970-01-01 00:00:08.089000,1,1,Is was confusing in that I was analyzing the physics of everything even though I suspect that is not what the test is about,1,combine_cohort_cntrbal,CF_first,animate,inanimate,anim agent/phys patient,39,70,43,41
252,5f1d5591fe7ca36560aa455a,639c8a9e55b9ee3a3d105103,2022-12-16 10:11:47.170963,,,,,,anim_v1.mp4,y_p_v2.mp4,[0],[0],[0],[100],1970-01-01 00:00:01.829000,1970-01-01 00:00:01.048000,1970-01-01 00:00:01.287000,1970-01-01 00:00:01.496000,1,1,You forced me to answer that the animated ball was alive which it was NOT. I found this study annoying. ,1,combine_cohort_cntrbal,CF_first,animate,inanimate,anim agent/phys patient,0,100,0,0
253,6149fc2761756b05d279d551,639c8ab0f73cb1e4a02693c4,2022-12-16 10:11:53.492186,,,,,,anim_v1.mp4,y_p_v2.mp4,[31],[32],[50],[50],1970-01-01 00:00:10.656000,1970-01-01 00:00:08.190000,1970-01-01 00:00:05.693000,1970-01-01 00:00:04.574000,1,1,no strategies were used i just thought that the balls were alive and had their own minds. the pink ball looked to be following the yellow ball or even bullying it.,1,combine_cohort_cntrbal,CF_first,animate,inanimate,anim agent/phys patient,50,50,31,32
254,5b25b16e34ffd00001b43e24,639c8aa77b0725bd86a078a2,2022-12-16 10:12:06.332079,,,,,,anim_v1.mp4,y_p_v2.mp4,"[8, 5]",[13],[9],[60],1970-01-01 00:00:07.191000,1970-01-01 00:00:02.614000,1970-01-01 00:00:04.641000,1970-01-01 00:00:06.031000,1,1,,1,combine_cohort_cntrbal,cause_first,animate,inanimate,anim agent/phys patient,5,13,9,60
255,5e687fc5651f7d1259eac113,639c8a4a1304935d388faa82,2022-12-16 10:13:37.610752,,,,,,anim_v1.mp4,y_p_v2.mp4,[15],"[100, 93]",[67],"[16, 0]",1970-01-01 00:00:18.050000,1970-01-01 00:00:11.951000,1970-01-01 00:00:15.825000,1970-01-01 00:00:10.051000,1,1,no strategy used. just watched the video a few times to get a clear understanding of what happened...,1,combine_cohort_cntrbal,cause_first,animate,inanimate,anim agent/phys patient,15,93,67,0
256,61582bb3535ca6b95a258b09,639c8b71b947b527ddcb91db,2022-12-16 10:15:06.860241,,,,,,phys_v1.mp4,y_p_v2.mp4,"[27, 39, 69]","[64, 86]","[26, 18]","[24, 18]",1970-01-01 00:00:24.077000,1970-01-01 00:00:14.583000,1970-01-01 00:00:07.950000,1970-01-01 00:00:05.516000,1,1,"No, I just used my observations as best as possible",1,combine_cohort_cntrbal,cause_first,inanimate,inanimate,phys agent/phys patient,69,86,18,18
257,6046154dcebc390443ecbf1f,639c8b75856a9ee217ff417e,2022-12-16 10:15:17.000011,,,,,,phys_v1.mp4,p_y_v2.mp4,[0],[0],[0],[100],1970-01-01 00:00:08.480000,1970-01-01 00:00:09.867000,1970-01-01 00:00:03.721000,1970-01-01 00:00:02.057000,1,1,,1,combine_cohort_cntrbal,CF_first,inanimate,inanimate,phys agent/phys patient,0,100,0,0
258,610ad770c584e3b897e741ae,639c8b7bb1c00458a736dfae,2022-12-16 10:15:21.378141,,,,,,phys_v1.mp4,p_y_v2.mp4,[10],[0],[56],[88],1970-01-01 00:00:09.928000,1970-01-01 00:00:08.970000,1970-01-01 00:00:05.898000,1970-01-01 00:00:04.039000,1,1,,1,combine_cohort_cntrbal,CF_first,inanimate,inanimate,phys agent/phys patient,56,88,10,0
259,62869bf5c4cc05e7fe88bfac,639c8b78d74bbc8dbd1fa8b7,2022-12-16 10:15:23.468360,,,,,,phys_v1.mp4,p_y_v2.mp4,"[7, 20]","[34, 23]",[61],[67],1970-01-01 00:00:31.590000,1970-01-01 00:00:18.504000,1970-01-01 00:00:08.755000,1970-01-01 00:00:04.635000,1,1,,1,combine_cohort_cntrbal,CF_first,inanimate,inanimate,phys agent/phys patient,61,67,20,23
260,5f6f8cc1d1db335366cbf037,639c8b84856a9ee217ff4185,2022-12-16 10:15:29.900218,,,,,,phys_v1.mp4,y_p_v2.mp4,"[100, 33]",[0],[28],[72],1970-01-01 00:00:29.982000,1970-01-01 00:00:07.417000,1970-01-01 00:00:11.223000,1970-01-01 00:00:06.507000,1,1,Nothing,1,combine_cohort_cntrbal,CF_first,inanimate,inanimate,phys agent/phys patient,28,72,33,0
261,5e122c6d6887bc8b881c4426,639c8b81008330a076ba6908,2022-12-16 10:16:04.747481,,,,,,phys_v1.mp4,y_p_v2.mp4,[63],[10],[0],[100],1970-01-01 00:00:22.864000,1970-01-01 00:00:15.960000,1970-01-01 00:00:12.129000,1970-01-01 00:00:02.637000,1,1,simply tried to judge the speed of the balls and where they were going to end up,1,combine_cohort_cntrbal,CF_first,inanimate,inanimate,phys agent/phys patient,0,100,63,10
262,60a2cbab9a74ddb09789cfa8,639c8bcc30057dd84303c9d4,2022-12-16 10:16:37.389810,,,,,,phys_v1.mp4,p_y_v2.mp4,[72],[13],[70],[15],1970-01-01 00:00:18.255000,1970-01-01 00:00:08.942000,1970-01-01 00:00:03.148000,1970-01-01 00:00:06.377000,1,1,,1,combine_cohort_cntrbal,CF_first,inanimate,inanimate,phys agent/phys patient,70,15,72,13
263,5ed8f853923c0941e1238299,639c8bced42b48bf0eed451a,2022-12-16 10:16:47.252637,,,,,,phys_v1.mp4,p_y_v2.mp4,[22],[22],[100],[100],1970-01-01 00:01:00.466000,1970-01-01 00:00:16.844000,1970-01-01 00:00:10.439000,1970-01-01 00:00:09.117000,1,1,No strategy used but thought that the yellow ball striking the pink ball forcefully contributed to the tower falling.,1,combine_cohort_cntrbal,cause_first,inanimate,inanimate,phys agent/phys patient,22,22,100,100
264,5d128b2090265e00159ba969,639c8bd371eb7c19cf10ee3a,2022-12-16 10:16:50.708006,,,,,,phys_v1.mp4,p_y_v2.mp4,[100],[26],"[77, 85]",[55],1970-01-01 00:00:09.378000,1970-01-01 00:00:08.032000,1970-01-01 00:00:06.959000,1970-01-01 00:00:06.292000,1,1,,1,combine_cohort_cntrbal,CF_first,inanimate,inanimate,phys agent/phys patient,85,55,100,26
265,601a7c931d236c2b6b9c4eb9,639c8bf6bfc51a21ebed44f6,2022-12-16 10:17:24.988615,,,,,,phys_v1.mp4,p_y_v2.mp4,[57],[57],[33],[32],1970-01-01 00:00:03.385000,1970-01-01 00:00:03.283000,1970-01-01 00:00:01.783000,1970-01-01 00:00:01.833000,1,1,,1,combine_cohort_cntrbal,cause_first,inanimate,inanimate,phys agent/phys patient,57,57,33,32
266,6034faf84f3fe87047c6d857,639c8bf21be06d9ac74b0bc8,2022-12-16 10:18:09.313270,,,,,,phys_v1.mp4,p_y_v2.mp4,[0],[100],[0],[0],1970-01-01 00:00:09.859000,1970-01-01 00:00:04.915000,1970-01-01 00:00:04.801000,1970-01-01 00:00:04.686000,1,1,"Nothing odd, no difficulties",1,combine_cohort_cntrbal,cause_first,inanimate,inanimate,phys agent/phys patient,0,100,0,0
267,5f0ae85ed1a1d801cf4e8106,639c8c4c5fe3092fb8cb9196,2022-12-16 10:19:02.679967,,,,,,phys_v1.mp4,y_p_v2.mp4,[59],[61],[66],"[60, 60]",1970-01-01 00:00:03.548000,1970-01-01 00:00:01.451000,1970-01-01 00:00:02.059000,1970-01-01 00:00:01.788000,1,1,do these things has practical value? some random judgments on balls? ,1,combine_cohort_cntrbal,cause_first,inanimate,inanimate,phys agent/phys patient,59,61,66,60
268,5f018e821fca9b2dd567fc34,639c8b8f3259e28505105085,2022-12-16 10:22:32.533650,,,,,,phys_v1.mp4,y_p_v2.mp4,[0],[0],[0],[100],1970-01-01 00:00:17.598000,1970-01-01 00:00:12.388000,1970-01-01 00:00:20.151000,1970-01-01 00:00:08.067000,1,1,Really tried to pay attention to the balls.,1,combine_cohort_cntrbal,CF_first,inanimate,inanimate,phys agent/phys patient,0,100,0,0
269,5f294f24f80f8f014b23c574,639c8d6a4254c614a0ed4508,2022-12-16 10:23:37.632077,,,,,,phys_v1.mp4,p_y_v2.mp4,[64],"[62, 71]",[96],[56],1970-01-01 00:00:10.748000,1970-01-01 00:00:08.167000,1970-01-01 00:00:03.956000,1970-01-01 00:00:04.014000,1,1,no just tried to remember the video,1,combine_cohort_cntrbal,CF_first,inanimate,inanimate,phys agent/phys patient,96,56,64,71
270,5adf97d3dee8590001b0681b,639c8d8c7127201a4decbcb8,2022-12-16 10:24:25.909978,,,,,,phys_v1.mp4,p_y_v2.mp4,"[38, 63, 70]",[69],[57],[59],1970-01-01 00:00:14.514000,1970-01-01 00:00:15.095000,1970-01-01 00:00:02.905000,1970-01-01 00:00:01.603000,1,1,"Nothing confusing, tried to remember what happened",1,combine_cohort_cntrbal,CF_first,inanimate,inanimate,phys agent/phys patient,57,59,70,69
271,5973c56ae703200001ad2b97,639c8d970ff4537fdfbe86c7,2022-12-16 10:25:39.224441,,,,,,phys_v1.mp4,p_y_v2.mp4,[29],[17],"[80, 69, 52]",[79],1970-01-01 00:00:12.403000,1970-01-01 00:00:20.800000,1970-01-01 00:00:21.304000,1970-01-01 00:00:18.453000,1,1,no,1,combine_cohort_cntrbal,CF_first,inanimate,inanimate,phys agent/phys patient,52,79,29,17
272,60f6d48913b6f6b93d860e01,639c8de9b782b1982236df62,2022-12-16 10:25:49.832879,,,,,,phys_v1.mp4,p_y_v2.mp4,[74],"[43, 55]",[38],[34],1970-01-01 00:00:06.092000,1970-01-01 00:00:04.855000,1970-01-01 00:00:07.983000,1970-01-01 00:00:09.299000,1,1,"It was easy to follow, felt like I was watching a sports team with people blocking or pushing.",1,combine_cohort_cntrbal,cause_first,inanimate,inanimate,phys agent/phys patient,74,55,38,34
273,60cb50c2bdc488cd99eeb3f0,639c8deaa83919531b1800b2,2022-12-16 10:25:50.936274,,,,,,phys_v1.mp4,y_p_v2.mp4,[84],[82],"[19, 49]","[81, 49]",1970-01-01 00:00:02.983000,1970-01-01 00:00:01.034000,1970-01-01 00:00:14.278000,1970-01-01 00:00:10.099000,1,1,,1,combine_cohort_cntrbal,cause_first,inanimate,inanimate,phys agent/phys patient,84,82,49,49
274,5c434051c394d20001611c1c,639c8d9f669e75f722ab358a,2022-12-16 10:31:56.596994,,,,,,phys_v1.mp4,y_p_v2.mp4,[7],[8],[90],[91],1970-01-01 00:00:28.119000,1970-01-01 00:00:08.744000,1970-01-01 00:00:07.624000,1970-01-01 00:00:02.304000,1,1,I watched the videos a few times to ensure I knew which colour ball hit the tower. I did not experience any technical difficulties.,1,combine_cohort_cntrbal,CF_first,inanimate,inanimate,phys agent/phys patient,90,91,7,8
